Entity,Symbol,Metric_Code,Prefix,Q2_2025_Has,Q3_2025_Has
BANK,CTG,BBS_300,BBS,Yes,No
BANK,CTG,BBS_500,BBS,Yes,No
BANK,CTG,BBS_9001,BBS,Yes,No
BANK,CTG,BBS_920,BBS,Yes,No
BANK,CTG,BIS_19,BIS,Yes,No
BANK,CTG,BIS_23,BIS,Yes,No
BANK,CTG,BNOT_1,BNOT,Yes,No
BANK,CTG,BNOT_12_3,BNOT,Yes,No
BANK,CTG,BNOT_13_1_3,BNOT,Yes,No
BANK,CTG,BNOT_13_3_1,BNOT,Yes,No
BANK,CTG,BNOT_14,BNOT,Yes,No
BANK,CTG,BNOT_14_1,BNOT,Yes,No
BANK,CTG,BNOT_14_2,BNOT,Yes,No
BANK,CTG,BNOT_14_3,BNOT,Yes,No
BANK,CTG,BNOT_14_4,BNOT,Yes,No
BANK,CTG,BNOT_14_5,BNOT,Yes,No
BANK,CTG,BNOT_15,BNOT,Yes,No
BANK,CTG,BNOT_15_1,BNOT,Yes,No
BANK,CTG,BNOT_15_2,BNOT,Yes,No
BANK,CTG,BNOT_15_3,BNOT,Yes,No
BANK,CTG,BNOT_15_4,BNOT,Yes,No
BANK,CTG,BNOT_15_5,BNOT,Yes,No
BANK,CTG,BNOT_16,BNOT,Yes,No
BANK,CTG,BNOT_16_1,BNOT,Yes,No
BANK,CTG,BNOT_16_2,BNOT,Yes,No
BANK,CTG,BNOT_16_3,BNOT,Yes,No
BANK,CTG,BNOT_17,BNOT,Yes,No
BANK,CTG,BNOT_17_1,BNOT,Yes,No
BANK,CTG,BNOT_17_2,BNOT,Yes,No
BANK,CTG,BNOT_17_3,BNOT,Yes,No
BANK,CTG,BNOT_18,BNOT,Yes,No
BANK,CTG,BNOT_18_1,BNOT,Yes,No
BANK,CTG,BNOT_18_2,BNOT,Yes,No
BANK,CTG,BNOT_18_3,BNOT,Yes,No
BANK,CTG,BNOT_19,BNOT,Yes,No
BANK,CTG,BNOT_19_1,BNOT,Yes,No
BANK,CTG,BNOT_19_2,BNOT,Yes,No
BANK,CTG,BNOT_19_3,BNOT,Yes,No
BANK,CTG,BNOT_1_1,BNOT,Yes,No
BANK,CTG,BNOT_1_2,BNOT,Yes,No
BANK,CTG,BNOT_1_3,BNOT,Yes,No
BANK,CTG,BNOT_1_4,BNOT,Yes,No
BANK,CTG,BNOT_1_5,BNOT,Yes,No
BANK,CTG,BNOT_1_6,BNOT,Yes,No
BANK,CTG,BNOT_2,BNOT,Yes,No
BANK,CTG,BNOT_20,BNOT,Yes,No
BANK,CTG,BNOT_20_1,BNOT,Yes,No
BANK,CTG,BNOT_20_2,BNOT,Yes,No
BANK,CTG,BNOT_20_3,BNOT,Yes,No
BANK,CTG,BNOT_21,BNOT,Yes,No
BANK,CTG,BNOT_21_1,BNOT,Yes,No
BANK,CTG,BNOT_21_2,BNOT,Yes,No
BANK,CTG,BNOT_21_3,BNOT,Yes,No
BANK,CTG,BNOT_22,BNOT,Yes,No
BANK,CTG,BNOT_22_1,BNOT,Yes,No
BANK,CTG,BNOT_22_2,BNOT,Yes,No
BANK,CTG,BNOT_22_3,BNOT,Yes,No
BANK,CTG,BNOT_22_4,BNOT,Yes,No
BANK,CTG,BNOT_23,BNOT,Yes,No
BANK,CTG,BNOT_23_1,BNOT,Yes,No
BANK,CTG,BNOT_23_2,BNOT,Yes,No
BANK,CTG,BNOT_23_3,BNOT,Yes,No
BANK,CTG,BNOT_24,BNOT,Yes,No
BANK,CTG,BNOT_24_1,BNOT,Yes,No
BANK,CTG,BNOT_24_1_1,BNOT,Yes,No
BANK,CTG,BNOT_24_1_2,BNOT,Yes,No
BANK,CTG,BNOT_24_1_3,BNOT,Yes,No
BANK,CTG,BNOT_24_1_4,BNOT,Yes,No
BANK,CTG,BNOT_24_1_5,BNOT,Yes,No
BANK,CTG,BNOT_24_1_6,BNOT,Yes,No
BANK,CTG,BNOT_24_1_7,BNOT,Yes,No
BANK,CTG,BNOT_24_2,BNOT,Yes,No
BANK,CTG,BNOT_24_2_1,BNOT,Yes,No
BANK,CTG,BNOT_24_2_2,BNOT,Yes,No
BANK,CTG,BNOT_24_2_3,BNOT,Yes,No
BANK,CTG,BNOT_25,BNOT,Yes,No
BANK,CTG,BNOT_25_1,BNOT,Yes,No
BANK,CTG,BNOT_25_1_1,BNOT,Yes,No
BANK,CTG,BNOT_25_1_1_1,BNOT,Yes,No
BANK,CTG,BNOT_25_1_1_2,BNOT,Yes,No
BANK,CTG,BNOT_25_1_2,BNOT,Yes,No
BANK,CTG,BNOT_25_1_2_1,BNOT,Yes,No
BANK,CTG,BNOT_25_1_2_2,BNOT,Yes,No
BANK,CTG,BNOT_25_2,BNOT,Yes,No
BANK,CTG,BNOT_25_2_1,BNOT,Yes,No
BANK,CTG,BNOT_25_2_1_1,BNOT,Yes,No
BANK,CTG,BNOT_25_2_1_2,BNOT,Yes,No
BANK,CTG,BNOT_25_2_2,BNOT,Yes,No
BANK,CTG,BNOT_25_2_2_1,BNOT,Yes,No
BANK,CTG,BNOT_25_2_2_2,BNOT,Yes,No
BANK,CTG,BNOT_26_1_1,BNOT,Yes,No
BANK,CTG,BNOT_26_1_2,BNOT,Yes,No
BANK,CTG,BNOT_26_2_1,BNOT,Yes,No
BANK,CTG,BNOT_26_2_2,BNOT,Yes,No
BANK,CTG,BNOT_27_4,BNOT,Yes,No
BANK,CTG,BNOT_28,BNOT,Yes,No
BANK,CTG,BNOT_28_1,BNOT,Yes,No
BANK,CTG,BNOT_28_2,BNOT,Yes,No
BANK,CTG,BNOT_29,BNOT,Yes,No
BANK,CTG,BNOT_29_1,BNOT,Yes,No
BANK,CTG,BNOT_29_2,BNOT,Yes,No
BANK,CTG,BNOT_29_3,BNOT,Yes,No
BANK,CTG,BNOT_29_3_1,BNOT,Yes,No
BANK,CTG,BNOT_29_3_2,BNOT,Yes,No
BANK,CTG,BNOT_29_3_3,BNOT,Yes,No
BANK,CTG,BNOT_29_4,BNOT,Yes,No
BANK,CTG,BNOT_2_1,BNOT,Yes,No
BANK,CTG,BNOT_2_1_1,BNOT,Yes,No
BANK,CTG,BNOT_2_1_2,BNOT,Yes,No
BANK,CTG,BNOT_2_2,BNOT,Yes,No
BANK,CTG,BNOT_2_3,BNOT,Yes,No
BANK,CTG,BNOT_3,BNOT,Yes,No
BANK,CTG,BNOT_30,BNOT,Yes,No
BANK,CTG,BNOT_30_1,BNOT,Yes,No
BANK,CTG,BNOT_30_1_1,BNOT,Yes,No
BANK,CTG,BNOT_30_1_2,BNOT,Yes,No
BANK,CTG,BNOT_30_1_3,BNOT,Yes,No
BANK,CTG,BNOT_30_1_4,BNOT,Yes,No
BANK,CTG,BNOT_30_2,BNOT,Yes,No
BANK,CTG,BNOT_30_2_1,BNOT,Yes,No
BANK,CTG,BNOT_30_2_2,BNOT,Yes,No
BANK,CTG,BNOT_31_4,BNOT,Yes,No
BANK,CTG,BNOT_31_6,BNOT,Yes,No
BANK,CTG,BNOT_32_4,BNOT,Yes,No
BANK,CTG,BNOT_33_1,BNOT,Yes,No
BANK,CTG,BNOT_33_2,BNOT,Yes,No
BANK,CTG,BNOT_34_3,BNOT,Yes,No
BANK,CTG,BNOT_35_3,BNOT,Yes,No
BANK,CTG,BNOT_36,BNOT,Yes,No
BANK,CTG,BNOT_36_1,BNOT,Yes,No
BANK,CTG,BNOT_36_1_1,BNOT,Yes,No
BANK,CTG,BNOT_36_1_2,BNOT,Yes,No
BANK,CTG,BNOT_36_1_3,BNOT,Yes,No
BANK,CTG,BNOT_36_2,BNOT,Yes,No
BANK,CTG,BNOT_36_3,BNOT,Yes,No
BANK,CTG,BNOT_37_4_1,BNOT,Yes,No
BANK,CTG,BNOT_37_4_2,BNOT,Yes,No
BANK,CTG,BNOT_38,BNOT,Yes,No
BANK,CTG,BNOT_38_1,BNOT,Yes,No
BANK,CTG,BNOT_38_2,BNOT,Yes,No
BANK,CTG,BNOT_39,BNOT,Yes,No
BANK,CTG,BNOT_39_1,BNOT,Yes,No
BANK,CTG,BNOT_39_2,BNOT,Yes,No
BANK,CTG,BNOT_39_3,BNOT,Yes,No
BANK,CTG,BNOT_39_4,BNOT,Yes,No
BANK,CTG,BNOT_39_5,BNOT,Yes,No
BANK,CTG,BNOT_3_1,BNOT,Yes,No
BANK,CTG,BNOT_3_1_1,BNOT,Yes,No
BANK,CTG,BNOT_3_1_1_1,BNOT,Yes,No
BANK,CTG,BNOT_3_1_1_2,BNOT,Yes,No
BANK,CTG,BNOT_3_1_2,BNOT,Yes,No
BANK,CTG,BNOT_3_1_2_1,BNOT,Yes,No
BANK,CTG,BNOT_3_1_2_2,BNOT,Yes,No
BANK,CTG,BNOT_3_1_2_3,BNOT,Yes,No
BANK,CTG,BNOT_3_2,BNOT,Yes,No
BANK,CTG,BNOT_3_2_1,BNOT,Yes,No
BANK,CTG,BNOT_3_2_1_1,BNOT,Yes,No
BANK,CTG,BNOT_3_2_2,BNOT,Yes,No
BANK,CTG,BNOT_3_2_2_1,BNOT,Yes,No
BANK,CTG,BNOT_3_2_3,BNOT,Yes,No
BANK,CTG,BNOT_40,BNOT,Yes,No
BANK,CTG,BNOT_40_1,BNOT,Yes,No
BANK,CTG,BNOT_40_2,BNOT,Yes,No
BANK,CTG,BNOT_40_3,BNOT,Yes,No
BANK,CTG,BNOT_40_4,BNOT,Yes,No
BANK,CTG,BNOT_40_5,BNOT,Yes,No
BANK,CTG,BNOT_40_6,BNOT,Yes,No
BANK,CTG,BNOT_40_7,BNOT,Yes,No
BANK,CTG,BNOT_40_8,BNOT,Yes,No
BANK,CTG,BNOT_41,BNOT,Yes,No
BANK,CTG,BNOT_41_1,BNOT,Yes,No
BANK,CTG,BNOT_41_2,BNOT,Yes,No
BANK,CTG,BNOT_41_3,BNOT,Yes,No
BANK,CTG,BNOT_42,BNOT,Yes,No
BANK,CTG,BNOT_42_1,BNOT,Yes,No
BANK,CTG,BNOT_42_2,BNOT,Yes,No
BANK,CTG,BNOT_42_3,BNOT,Yes,No
BANK,CTG,BNOT_42_4,BNOT,Yes,No
BANK,CTG,BNOT_42_5,BNOT,Yes,No
BANK,CTG,BNOT_42_6,BNOT,Yes,No
BANK,CTG,BNOT_42_7,BNOT,Yes,No
BANK,CTG,BNOT_46_3,BNOT,Yes,No
BANK,CTG,BNOT_46_4,BNOT,Yes,No
BANK,CTG,BNOT_46_5,BNOT,Yes,No
BANK,CTG,BNOT_46_6,BNOT,Yes,No
BANK,CTG,BNOT_46_7,BNOT,Yes,No
BANK,CTG,BNOT_47_1,BNOT,Yes,No
BANK,CTG,BNOT_47_2,BNOT,Yes,No
BANK,CTG,BNOT_47_3,BNOT,Yes,No
BANK,CTG,BNOT_47_4,BNOT,Yes,No
BANK,CTG,BNOT_47_5,BNOT,Yes,No
BANK,CTG,BNOT_47_6,BNOT,Yes,No
BANK,CTG,BNOT_47_7,BNOT,Yes,No
BANK,CTG,BNOT_48_10,BNOT,Yes,No
BANK,CTG,BNOT_48_11,BNOT,Yes,No
BANK,CTG,BNOT_48_12,BNOT,Yes,No
BANK,CTG,BNOT_48_3,BNOT,Yes,No
BANK,CTG,BNOT_48_4,BNOT,Yes,No
BANK,CTG,BNOT_48_5,BNOT,Yes,No
BANK,CTG,BNOT_48_6,BNOT,Yes,No
BANK,CTG,BNOT_48_7,BNOT,Yes,No
BANK,CTG,BNOT_48_8,BNOT,Yes,No
BANK,CTG,BNOT_48_9,BNOT,Yes,No
BANK,VPB,BBS_300,BBS,Yes,No
BANK,VPB,BBS_500,BBS,Yes,No
BANK,VPB,BBS_9001,BBS,Yes,No
BANK,VPB,BBS_920,BBS,Yes,No
BANK,VPB,BNOT_1,BNOT,Yes,No
BANK,VPB,BNOT_12_3,BNOT,Yes,No
BANK,VPB,BNOT_13_1_3,BNOT,Yes,No
BANK,VPB,BNOT_13_3_1,BNOT,Yes,No
BANK,VPB,BNOT_14,BNOT,Yes,No
BANK,VPB,BNOT_14_1,BNOT,Yes,No
BANK,VPB,BNOT_14_2,BNOT,Yes,No
BANK,VPB,BNOT_14_3,BNOT,Yes,No
BANK,VPB,BNOT_14_4,BNOT,Yes,No
BANK,VPB,BNOT_14_5,BNOT,Yes,No
BANK,VPB,BNOT_15,BNOT,Yes,No
BANK,VPB,BNOT_15_1,BNOT,Yes,No
BANK,VPB,BNOT_15_2,BNOT,Yes,No
BANK,VPB,BNOT_15_3,BNOT,Yes,No
BANK,VPB,BNOT_15_4,BNOT,Yes,No
BANK,VPB,BNOT_15_5,BNOT,Yes,No
BANK,VPB,BNOT_16,BNOT,Yes,No
BANK,VPB,BNOT_16_1,BNOT,Yes,No
BANK,VPB,BNOT_16_2,BNOT,Yes,No
BANK,VPB,BNOT_16_3,BNOT,Yes,No
BANK,VPB,BNOT_17,BNOT,Yes,No
BANK,VPB,BNOT_17_1,BNOT,Yes,No
BANK,VPB,BNOT_17_2,BNOT,Yes,No
BANK,VPB,BNOT_17_3,BNOT,Yes,No
BANK,VPB,BNOT_18,BNOT,Yes,No
BANK,VPB,BNOT_18_1,BNOT,Yes,No
BANK,VPB,BNOT_18_2,BNOT,Yes,No
BANK,VPB,BNOT_18_3,BNOT,Yes,No
BANK,VPB,BNOT_19,BNOT,Yes,No
BANK,VPB,BNOT_19_1,BNOT,Yes,No
BANK,VPB,BNOT_19_2,BNOT,Yes,No
BANK,VPB,BNOT_19_3,BNOT,Yes,No
BANK,VPB,BNOT_1_1,BNOT,Yes,No
BANK,VPB,BNOT_1_2,BNOT,Yes,No
BANK,VPB,BNOT_1_3,BNOT,Yes,No
BANK,VPB,BNOT_1_4,BNOT,Yes,No
BANK,VPB,BNOT_1_5,BNOT,Yes,No
BANK,VPB,BNOT_1_6,BNOT,Yes,No
BANK,VPB,BNOT_2,BNOT,Yes,No
BANK,VPB,BNOT_20,BNOT,Yes,No
BANK,VPB,BNOT_20_1,BNOT,Yes,No
BANK,VPB,BNOT_20_2,BNOT,Yes,No
BANK,VPB,BNOT_20_3,BNOT,Yes,No
BANK,VPB,BNOT_21,BNOT,Yes,No
BANK,VPB,BNOT_21_1,BNOT,Yes,No
BANK,VPB,BNOT_21_2,BNOT,Yes,No
BANK,VPB,BNOT_21_3,BNOT,Yes,No
BANK,VPB,BNOT_22,BNOT,Yes,No
BANK,VPB,BNOT_22_1,BNOT,Yes,No
BANK,VPB,BNOT_22_2,BNOT,Yes,No
BANK,VPB,BNOT_22_3,BNOT,Yes,No
BANK,VPB,BNOT_22_4,BNOT,Yes,No
BANK,VPB,BNOT_23,BNOT,Yes,No
BANK,VPB,BNOT_23_1,BNOT,Yes,No
BANK,VPB,BNOT_23_2,BNOT,Yes,No
BANK,VPB,BNOT_23_3,BNOT,Yes,No
BANK,VPB,BNOT_24,BNOT,Yes,No
BANK,VPB,BNOT_24_1,BNOT,Yes,No
BANK,VPB,BNOT_24_1_1,BNOT,Yes,No
BANK,VPB,BNOT_24_1_2,BNOT,Yes,No
BANK,VPB,BNOT_24_1_3,BNOT,Yes,No
BANK,VPB,BNOT_24_1_4,BNOT,Yes,No
BANK,VPB,BNOT_24_1_5,BNOT,Yes,No
BANK,VPB,BNOT_24_1_6,BNOT,Yes,No
BANK,VPB,BNOT_24_1_7,BNOT,Yes,No
BANK,VPB,BNOT_24_2,BNOT,Yes,No
BANK,VPB,BNOT_24_2_1,BNOT,Yes,No
BANK,VPB,BNOT_24_2_2,BNOT,Yes,No
BANK,VPB,BNOT_24_2_3,BNOT,Yes,No
BANK,VPB,BNOT_25,BNOT,Yes,No
BANK,VPB,BNOT_25_1,BNOT,Yes,No
BANK,VPB,BNOT_25_1_1,BNOT,Yes,No
BANK,VPB,BNOT_25_1_1_1,BNOT,Yes,No
BANK,VPB,BNOT_25_1_1_2,BNOT,Yes,No
BANK,VPB,BNOT_25_1_2,BNOT,Yes,No
BANK,VPB,BNOT_25_1_2_1,BNOT,Yes,No
BANK,VPB,BNOT_25_1_2_2,BNOT,Yes,No
BANK,VPB,BNOT_25_2,BNOT,Yes,No
BANK,VPB,BNOT_25_2_1,BNOT,Yes,No
BANK,VPB,BNOT_25_2_1_1,BNOT,Yes,No
BANK,VPB,BNOT_25_2_1_2,BNOT,Yes,No
BANK,VPB,BNOT_25_2_2,BNOT,Yes,No
BANK,VPB,BNOT_25_2_2_1,BNOT,Yes,No
BANK,VPB,BNOT_25_2_2_2,BNOT,Yes,No
BANK,VPB,BNOT_26_1_1,BNOT,Yes,No
BANK,VPB,BNOT_26_1_2,BNOT,Yes,No
BANK,VPB,BNOT_26_2_1,BNOT,Yes,No
BANK,VPB,BNOT_26_2_2,BNOT,Yes,No
BANK,VPB,BNOT_27_4,BNOT,Yes,No
BANK,VPB,BNOT_28,BNOT,Yes,No
BANK,VPB,BNOT_28_1,BNOT,Yes,No
BANK,VPB,BNOT_28_2,BNOT,Yes,No
BANK,VPB,BNOT_29,BNOT,Yes,No
BANK,VPB,BNOT_29_1,BNOT,Yes,No
BANK,VPB,BNOT_29_2,BNOT,Yes,No
BANK,VPB,BNOT_29_3,BNOT,Yes,No
BANK,VPB,BNOT_29_3_1,BNOT,Yes,No
BANK,VPB,BNOT_29_3_2,BNOT,Yes,No
BANK,VPB,BNOT_29_3_3,BNOT,Yes,No
BANK,VPB,BNOT_29_4,BNOT,Yes,No
BANK,VPB,BNOT_2_1,BNOT,Yes,No
BANK,VPB,BNOT_2_1_1,BNOT,Yes,No
BANK,VPB,BNOT_2_1_2,BNOT,Yes,No
BANK,VPB,BNOT_2_2,BNOT,Yes,No
BANK,VPB,BNOT_2_3,BNOT,Yes,No
BANK,VPB,BNOT_3,BNOT,Yes,No
BANK,VPB,BNOT_30,BNOT,Yes,No
BANK,VPB,BNOT_30_1,BNOT,Yes,No
BANK,VPB,BNOT_30_1_1,BNOT,Yes,No
BANK,VPB,BNOT_30_1_2,BNOT,Yes,No
BANK,VPB,BNOT_30_1_3,BNOT,Yes,No
BANK,VPB,BNOT_30_1_4,BNOT,Yes,No
BANK,VPB,BNOT_30_2,BNOT,Yes,No
BANK,VPB,BNOT_30_2_1,BNOT,Yes,No
BANK,VPB,BNOT_30_2_2,BNOT,Yes,No
BANK,VPB,BNOT_31_4,BNOT,Yes,No
BANK,VPB,BNOT_31_6,BNOT,Yes,No
BANK,VPB,BNOT_32_4,BNOT,Yes,No
BANK,VPB,BNOT_33_1,BNOT,Yes,No
BANK,VPB,BNOT_33_2,BNOT,Yes,No
BANK,VPB,BNOT_34_3,BNOT,Yes,No
BANK,VPB,BNOT_35_3,BNOT,Yes,No
BANK,VPB,BNOT_36,BNOT,Yes,No
BANK,VPB,BNOT_36_1,BNOT,Yes,No
BANK,VPB,BNOT_36_1_1,BNOT,Yes,No
BANK,VPB,BNOT_36_1_2,BNOT,Yes,No
BANK,VPB,BNOT_36_1_3,BNOT,Yes,No
BANK,VPB,BNOT_36_2,BNOT,Yes,No
BANK,VPB,BNOT_36_3,BNOT,Yes,No
BANK,VPB,BNOT_37_4_1,BNOT,Yes,No
BANK,VPB,BNOT_37_4_2,BNOT,Yes,No
BANK,VPB,BNOT_38,BNOT,Yes,No
BANK,VPB,BNOT_38_1,BNOT,Yes,No
BANK,VPB,BNOT_38_2,BNOT,Yes,No
BANK,VPB,BNOT_39,BNOT,Yes,No
BANK,VPB,BNOT_39_1,BNOT,Yes,No
BANK,VPB,BNOT_39_2,BNOT,Yes,No
BANK,VPB,BNOT_39_3,BNOT,Yes,No
BANK,VPB,BNOT_39_4,BNOT,Yes,No
BANK,VPB,BNOT_39_5,BNOT,Yes,No
BANK,VPB,BNOT_3_1,BNOT,Yes,No
BANK,VPB,BNOT_3_1_1,BNOT,Yes,No
BANK,VPB,BNOT_3_1_1_1,BNOT,Yes,No
BANK,VPB,BNOT_3_1_1_2,BNOT,Yes,No
BANK,VPB,BNOT_3_1_2,BNOT,Yes,No
BANK,VPB,BNOT_3_1_2_1,BNOT,Yes,No
BANK,VPB,BNOT_3_1_2_2,BNOT,Yes,No
BANK,VPB,BNOT_3_1_2_3,BNOT,Yes,No
BANK,VPB,BNOT_3_2,BNOT,Yes,No
BANK,VPB,BNOT_3_2_1,BNOT,Yes,No
BANK,VPB,BNOT_3_2_1_1,BNOT,Yes,No
BANK,VPB,BNOT_3_2_2,BNOT,Yes,No
BANK,VPB,BNOT_3_2_2_1,BNOT,Yes,No
BANK,VPB,BNOT_3_2_3,BNOT,Yes,No
BANK,VPB,BNOT_40,BNOT,Yes,No
BANK,VPB,BNOT_40_1,BNOT,Yes,No
BANK,VPB,BNOT_40_2,BNOT,Yes,No
BANK,VPB,BNOT_40_3,BNOT,Yes,No
BANK,VPB,BNOT_40_4,BNOT,Yes,No
BANK,VPB,BNOT_40_5,BNOT,Yes,No
BANK,VPB,BNOT_40_6,BNOT,Yes,No
BANK,VPB,BNOT_40_7,BNOT,Yes,No
BANK,VPB,BNOT_40_8,BNOT,Yes,No
BANK,VPB,BNOT_41,BNOT,Yes,No
BANK,VPB,BNOT_41_1,BNOT,Yes,No
BANK,VPB,BNOT_41_2,BNOT,Yes,No
BANK,VPB,BNOT_41_3,BNOT,Yes,No
BANK,VPB,BNOT_42,BNOT,Yes,No
BANK,VPB,BNOT_42_1,BNOT,Yes,No
BANK,VPB,BNOT_42_2,BNOT,Yes,No
BANK,VPB,BNOT_42_3,BNOT,Yes,No
BANK,VPB,BNOT_42_4,BNOT,Yes,No
BANK,VPB,BNOT_42_5,BNOT,Yes,No
BANK,VPB,BNOT_42_6,BNOT,Yes,No
BANK,VPB,BNOT_42_7,BNOT,Yes,No
BANK,VPB,BNOT_46_3,BNOT,Yes,No
BANK,VPB,BNOT_46_4,BNOT,Yes,No
BANK,VPB,BNOT_46_5,BNOT,Yes,No
BANK,VPB,BNOT_46_6,BNOT,Yes,No
BANK,VPB,BNOT_46_7,BNOT,Yes,No
BANK,VPB,BNOT_47_1,BNOT,Yes,No
BANK,VPB,BNOT_47_2,BNOT,Yes,No
BANK,VPB,BNOT_47_3,BNOT,Yes,No
BANK,VPB,BNOT_47_4,BNOT,Yes,No
BANK,VPB,BNOT_47_5,BNOT,Yes,No
BANK,VPB,BNOT_47_6,BNOT,Yes,No
BANK,VPB,BNOT_47_7,BNOT,Yes,No
BANK,VPB,BNOT_48_10,BNOT,Yes,No
BANK,VPB,BNOT_48_11,BNOT,Yes,No
BANK,VPB,BNOT_48_12,BNOT,Yes,No
BANK,VPB,BNOT_48_3,BNOT,Yes,No
BANK,VPB,BNOT_48_4,BNOT,Yes,No
BANK,VPB,BNOT_48_5,BNOT,Yes,No
BANK,VPB,BNOT_48_6,BNOT,Yes,No
BANK,VPB,BNOT_48_7,BNOT,Yes,No
BANK,VPB,BNOT_48_8,BNOT,Yes,No
BANK,VPB,BNOT_48_9,BNOT,Yes,No
COMPANY,HPG,CBS_121,CBS,Yes,No
COMPANY,HPG,CBS_122,CBS,Yes,No
COMPANY,HPG,CBS_133,CBS,Yes,No
COMPANY,HPG,CBS_134,CBS,Yes,No
COMPANY,HPG,CBS_154,CBS,Yes,No
COMPANY,HPG,CBS_155,CBS,Yes,No
COMPANY,HPG,CBS_211,CBS,Yes,No
COMPANY,HPG,CBS_213,CBS,Yes,No
COMPANY,HPG,CBS_214,CBS,Yes,No
COMPANY,HPG,CBS_215,CBS,Yes,No
COMPANY,HPG,CBS_219,CBS,Yes,No
COMPANY,HPG,CBS_224,CBS,Yes,No
COMPANY,HPG,CBS_225,CBS,Yes,No
COMPANY,HPG,CBS_226,CBS,Yes,No
COMPANY,HPG,CBS_251,CBS,Yes,No
COMPANY,HPG,CBS_252,CBS,Yes,No
COMPANY,HPG,CBS_253,CBS,Yes,No
COMPANY,HPG,CBS_254,CBS,Yes,No
COMPANY,HPG,CBS_2601,CBS,Yes,No
COMPANY,HPG,CBS_268,CBS,Yes,No
COMPANY,HPG,CBS_2691,CBS,Yes,No
COMPANY,HPG,CBS_316,CBS,Yes,No
COMPANY,HPG,CBS_317,CBS,Yes,No
COMPANY,HPG,CBS_323,CBS,Yes,No
COMPANY,HPG,CBS_324,CBS,Yes,No
COMPANY,HPG,CBS_3241,CBS,Yes,No
COMPANY,HPG,CBS_332,CBS,Yes,No
COMPANY,HPG,CBS_334,CBS,Yes,No
COMPANY,HPG,CBS_335,CBS,Yes,No
COMPANY,HPG,CBS_336,CBS,Yes,No
COMPANY,HPG,CBS_339,CBS,Yes,No
COMPANY,HPG,CBS_340,CBS,Yes,No
COMPANY,HPG,CBS_3421,CBS,Yes,No
COMPANY,HPG,CBS_3422,CBS,Yes,No
COMPANY,HPG,CBS_343,CBS,Yes,No
COMPANY,HPG,CBS_411B,CBS,Yes,No
COMPANY,HPG,CBS_412,CBS,Yes,No
COMPANY,HPG,CBS_413,CBS,Yes,No
COMPANY,HPG,CBS_414,CBS,Yes,No
COMPANY,HPG,CBS_415,CBS,Yes,No
COMPANY,HPG,CBS_416,CBS,Yes,No
COMPANY,HPG,CBS_417,CBS,Yes,No
COMPANY,HPG,CBS_419,CBS,Yes,No
COMPANY,HPG,CBS_4191,CBS,Yes,No
COMPANY,HPG,CBS_4192,CBS,Yes,No
COMPANY,HPG,CBS_420,CBS,Yes,No
COMPANY,HPG,CBS_422,CBS,Yes,No
COMPANY,HPG,CBS_4291,CBS,Yes,No
COMPANY,HPG,CBS_430,CBS,Yes,No
COMPANY,HPG,CBS_4301,CBS,Yes,No
COMPANY,HPG,CBS_431,CBS,Yes,No
COMPANY,HPG,CBS_432,CBS,Yes,No
COMPANY,HPG,CCFI_1,CCFI,Yes,No
COMPANY,HPG,CCFI_10,CCFI,Yes,No
COMPANY,HPG,CCFI_11,CCFI,Yes,No
COMPANY,HPG,CCFI_12,CCFI,Yes,No
COMPANY,HPG,CCFI_13,CCFI,Yes,No
COMPANY,HPG,CCFI_14,CCFI,Yes,No
COMPANY,HPG,CCFI_15,CCFI,Yes,No
COMPANY,HPG,CCFI_16,CCFI,Yes,No
COMPANY,HPG,CCFI_17,CCFI,Yes,No
COMPANY,HPG,CCFI_2,CCFI,Yes,No
COMPANY,HPG,CCFI_20,CCFI,Yes,No
COMPANY,HPG,CCFI_21,CCFI,Yes,No
COMPANY,HPG,CCFI_22,CCFI,Yes,No
COMPANY,HPG,CCFI_23,CCFI,Yes,No
COMPANY,HPG,CCFI_24,CCFI,Yes,No
COMPANY,HPG,CCFI_25,CCFI,Yes,No
COMPANY,HPG,CCFI_26,CCFI,Yes,No
COMPANY,HPG,CCFI_27,CCFI,Yes,No
COMPANY,HPG,CCFI_2B,CCFI,Yes,No
COMPANY,HPG,CCFI_3,CCFI,Yes,No
COMPANY,HPG,CCFI_30,CCFI,Yes,No
COMPANY,HPG,CCFI_31,CCFI,Yes,No
COMPANY,HPG,CCFI_32,CCFI,Yes,No
COMPANY,HPG,CCFI_33,CCFI,Yes,No
COMPANY,HPG,CCFI_34,CCFI,Yes,No
COMPANY,HPG,CCFI_35,CCFI,Yes,No
COMPANY,HPG,CCFI_36,CCFI,Yes,No
COMPANY,HPG,CCFI_37,CCFI,Yes,No
COMPANY,HPG,CCFI_4,CCFI,Yes,No
COMPANY,HPG,CCFI_40,CCFI,Yes,No
COMPANY,HPG,CCFI_4B,CCFI,Yes,No
COMPANY,HPG,CCFI_5,CCFI,Yes,No
COMPANY,HPG,CCFI_50,CCFI,Yes,No
COMPANY,HPG,CCFI_6,CCFI,Yes,No
COMPANY,HPG,CCFI_60,CCFI,Yes,No
COMPANY,HPG,CCFI_61,CCFI,Yes,No
COMPANY,HPG,CCFI_6B,CCFI,Yes,No
COMPANY,HPG,CCFI_7,CCFI,Yes,No
COMPANY,HPG,CCFI_70,CCFI,Yes,No
COMPANY,HPG,CCFI_8,CCFI,Yes,No
COMPANY,HPG,CCFI_9,CCFI,Yes,No
COMPANY,HPG,CIS_24,CIS,Yes,No
COMPANY,HPG,CIS_241,CIS,Yes,No
COMPANY,HPG,CIS_70,CIS,Yes,No
COMPANY,HPG,CIS_71,CIS,Yes,No
COMPANY,HPG,CNOT_16,CNOT,Yes,No
COMPANY,HPG,CNOT_16_1,CNOT,Yes,No
COMPANY,HPG,CNOT_16_1_1,CNOT,Yes,No
COMPANY,HPG,CNOT_16_1_2,CNOT,Yes,No
COMPANY,HPG,CNOT_16_1_3,CNOT,Yes,No
COMPANY,HPG,CNOT_16_1_4,CNOT,Yes,No
COMPANY,HPG,CNOT_16_2,CNOT,Yes,No
COMPANY,HPG,CNOT_16_2_1,CNOT,Yes,No
COMPANY,HPG,CNOT_16_2_2,CNOT,Yes,No
COMPANY,HPG,CNOT_16_2_3,CNOT,Yes,No
COMPANY,HPG,CNOT_17,CNOT,Yes,No
COMPANY,HPG,CNOT_17_2,CNOT,Yes,No
COMPANY,HPG,CNOT_18,CNOT,Yes,No
COMPANY,HPG,CNOT_18_4,CNOT,Yes,No
COMPANY,HPG,CNOT_18_4_1,CNOT,Yes,No
COMPANY,HPG,CNOT_18_4_2,CNOT,Yes,No
COMPANY,HPG,CNOT_19,CNOT,Yes,No
COMPANY,HPG,CNOT_19_1,CNOT,Yes,No
COMPANY,HPG,CNOT_19_2,CNOT,Yes,No
COMPANY,HPG,CNOT_19_3,CNOT,Yes,No
COMPANY,HPG,CNOT_19_4,CNOT,Yes,No
COMPANY,HPG,CNOT_2,CNOT,Yes,No
COMPANY,HPG,CNOT_21,CNOT,Yes,No
COMPANY,HPG,CNOT_21_1,CNOT,Yes,No
COMPANY,HPG,CNOT_21_2,CNOT,Yes,No
COMPANY,HPG,CNOT_21_3,CNOT,Yes,No
COMPANY,HPG,CNOT_21_4,CNOT,Yes,No
COMPANY,HPG,CNOT_21_5,CNOT,Yes,No
COMPANY,HPG,CNOT_21_6,CNOT,Yes,No
COMPANY,HPG,CNOT_21_7,CNOT,Yes,No
COMPANY,HPG,CNOT_21_8,CNOT,Yes,No
COMPANY,HPG,CNOT_21_9,CNOT,Yes,No
COMPANY,HPG,CNOT_22_1,CNOT,Yes,No
COMPANY,HPG,CNOT_22_1_1,CNOT,Yes,No
COMPANY,HPG,CNOT_22_1_4,CNOT,Yes,No
COMPANY,HPG,CNOT_22_2,CNOT,Yes,No
COMPANY,HPG,CNOT_22_2_1,CNOT,Yes,No
COMPANY,HPG,CNOT_22_2_2,CNOT,Yes,No
COMPANY,HPG,CNOT_23_1,CNOT,Yes,No
COMPANY,HPG,CNOT_23_1_11,CNOT,Yes,No
COMPANY,HPG,CNOT_23_1_2,CNOT,Yes,No
COMPANY,HPG,CNOT_23_1_5,CNOT,Yes,No
COMPANY,HPG,CNOT_23_1_6,CNOT,Yes,No
COMPANY,HPG,CNOT_23_2,CNOT,Yes,No
COMPANY,HPG,CNOT_23_2_1,CNOT,Yes,No
COMPANY,HPG,CNOT_24_1,CNOT,Yes,No
COMPANY,HPG,CNOT_24_2,CNOT,Yes,No
COMPANY,HPG,CNOT_24_3,CNOT,Yes,No
COMPANY,HPG,CNOT_25_1,CNOT,Yes,No
COMPANY,HPG,CNOT_25_2,CNOT,Yes,No
COMPANY,HPG,CNOT_26,CNOT,Yes,No
COMPANY,HPG,CNOT_27,CNOT,Yes,No
COMPANY,HPG,CNOT_27_1,CNOT,Yes,No
COMPANY,HPG,CNOT_27_2,CNOT,Yes,No
COMPANY,HPG,CNOT_28,CNOT,Yes,No
COMPANY,HPG,CNOT_28_1,CNOT,Yes,No
COMPANY,HPG,CNOT_28_1_1,CNOT,Yes,No
COMPANY,HPG,CNOT_28_1_2,CNOT,Yes,No
COMPANY,HPG,CNOT_28_1_3,CNOT,Yes,No
COMPANY,HPG,CNOT_28_1_4,CNOT,Yes,No
COMPANY,HPG,CNOT_28_1_5,CNOT,Yes,No
COMPANY,HPG,CNOT_28_2,CNOT,Yes,No
COMPANY,HPG,CNOT_28_2_1,CNOT,Yes,No
COMPANY,HPG,CNOT_28_2_2,CNOT,Yes,No
COMPANY,HPG,CNOT_28_2_3,CNOT,Yes,No
COMPANY,HPG,CNOT_2_1_1,CNOT,Yes,No
COMPANY,HPG,CNOT_2_1_2,CNOT,Yes,No
COMPANY,HPG,CNOT_2_1_3,CNOT,Yes,No
COMPANY,HPG,CNOT_2_2_1_1,CNOT,Yes,No
COMPANY,HPG,CNOT_2_2_1_2,CNOT,Yes,No
COMPANY,HPG,CNOT_2_2_1_3,CNOT,Yes,No
COMPANY,HPG,CNOT_2_2_2_1,CNOT,Yes,No
COMPANY,HPG,CNOT_2_2_2_2,CNOT,Yes,No
COMPANY,HPG,CNOT_2_2_2_3,CNOT,Yes,No
COMPANY,HPG,CNOT_2_3,CNOT,Yes,No
COMPANY,HPG,CNOT_2_3_1,CNOT,Yes,No
COMPANY,HPG,CNOT_2_3_2,CNOT,Yes,No
COMPANY,HPG,CNOT_2_3_3,CNOT,Yes,No
COMPANY,HPG,CNOT_3,CNOT,Yes,No
COMPANY,HPG,CNOT_30,CNOT,Yes,No
COMPANY,HPG,CNOT_30_1,CNOT,Yes,No
COMPANY,HPG,CNOT_30_2,CNOT,Yes,No
COMPANY,HPG,CNOT_31,CNOT,Yes,No
COMPANY,HPG,CNOT_31_1,CNOT,Yes,No
COMPANY,HPG,CNOT_31_2,CNOT,Yes,No
COMPANY,HPG,CNOT_31_3,CNOT,Yes,No
COMPANY,HPG,CNOT_31_4,CNOT,Yes,No
COMPANY,HPG,CNOT_32_4,CNOT,Yes,No
COMPANY,HPG,CNOT_34_9,CNOT,Yes,No
COMPANY,HPG,CNOT_35_4,CNOT,Yes,No
COMPANY,HPG,CNOT_36_10,CNOT,Yes,No
COMPANY,HPG,CNOT_36_4,CNOT,Yes,No
COMPANY,HPG,CNOT_37,CNOT,Yes,No
COMPANY,HPG,CNOT_37_1,CNOT,Yes,No
COMPANY,HPG,CNOT_37_2,CNOT,Yes,No
COMPANY,HPG,CNOT_37_3,CNOT,Yes,No
COMPANY,HPG,CNOT_37_4,CNOT,Yes,No
COMPANY,HPG,CNOT_37_5,CNOT,Yes,No
COMPANY,HPG,CNOT_38,CNOT,Yes,No
COMPANY,HPG,CNOT_38_1,CNOT,Yes,No
COMPANY,HPG,CNOT_38_2,CNOT,Yes,No
COMPANY,HPG,CNOT_38_3,CNOT,Yes,No
COMPANY,HPG,CNOT_38_4,CNOT,Yes,No
COMPANY,HPG,CNOT_3_1,CNOT,Yes,No
COMPANY,HPG,CNOT_3_2,CNOT,Yes,No
COMPANY,HPG,CNOT_3_3,CNOT,Yes,No
COMPANY,HPG,CNOT_4,CNOT,Yes,No
COMPANY,HPG,CNOT_40,CNOT,Yes,No
COMPANY,HPG,CNOT_40_1,CNOT,Yes,No
COMPANY,HPG,CNOT_40_2,CNOT,Yes,No
COMPANY,HPG,CNOT_41_4,CNOT,Yes,No
COMPANY,HPG,CNOT_41_5,CNOT,Yes,No
COMPANY,HPG,CNOT_43,CNOT,Yes,No
COMPANY,HPG,CNOT_4_1_6,CNOT,Yes,No
COMPANY,HPG,CNOT_4_2_1,CNOT,Yes,No
COMPANY,HPG,CNOT_4_2_2,CNOT,Yes,No
COMPANY,HPG,CNOT_4_2_3,CNOT,Yes,No
COMPANY,HPG,CNOT_4_2_6,CNOT,Yes,No
COMPANY,HPG,CNOT_5_1,CNOT,Yes,No
COMPANY,HPG,CNOT_5_2,CNOT,Yes,No
COMPANY,HPG,CNOT_5_3,CNOT,Yes,No
COMPANY,HPG,CNOT_5_4,CNOT,Yes,No
COMPANY,HPG,CNOT_6,CNOT,Yes,No
COMPANY,HPG,CNOT_6_1,CNOT,Yes,No
COMPANY,HPG,CNOT_6_2,CNOT,Yes,No
COMPANY,HPG,CNOT_6_3,CNOT,Yes,No
COMPANY,HPG,CNOT_8,CNOT,Yes,No
COMPANY,HPG,CNOT_8_1,CNOT,Yes,No
COMPANY,HPG,CNOT_8_2,CNOT,Yes,No
COMPANY,HPG,CNOT_8_2_1,CNOT,Yes,No
COMPANY,HPG,CNOT_8_2_2,CNOT,Yes,No
COMPANY,HPG,CNOT_8_2_3,CNOT,Yes,No
COMPANY,MWG,CBS_112,CBS,Yes,No
COMPANY,MWG,CBS_121,CBS,Yes,No
COMPANY,MWG,CBS_122,CBS,Yes,No
COMPANY,MWG,CBS_133,CBS,Yes,No
COMPANY,MWG,CBS_134,CBS,Yes,No
COMPANY,MWG,CBS_137,CBS,Yes,No
COMPANY,MWG,CBS_139,CBS,Yes,No
COMPANY,MWG,CBS_154,CBS,Yes,No
COMPANY,MWG,CBS_155,CBS,Yes,No
COMPANY,MWG,CBS_211,CBS,Yes,No
COMPANY,MWG,CBS_212,CBS,Yes,No
COMPANY,MWG,CBS_213,CBS,Yes,No
COMPANY,MWG,CBS_214,CBS,Yes,No
COMPANY,MWG,CBS_215,CBS,Yes,No
COMPANY,MWG,CBS_219,CBS,Yes,No
COMPANY,MWG,CBS_224,CBS,Yes,No
COMPANY,MWG,CBS_225,CBS,Yes,No
COMPANY,MWG,CBS_226,CBS,Yes,No
COMPANY,MWG,CBS_230,CBS,Yes,No
COMPANY,MWG,CBS_231,CBS,Yes,No
COMPANY,MWG,CBS_232,CBS,Yes,No
COMPANY,MWG,CBS_241,CBS,Yes,No
COMPANY,MWG,CBS_251,CBS,Yes,No
COMPANY,MWG,CBS_253,CBS,Yes,No
COMPANY,MWG,CBS_254,CBS,Yes,No
COMPANY,MWG,CBS_2601,CBS,Yes,No
COMPANY,MWG,CBS_263,CBS,Yes,No
COMPANY,MWG,CBS_268,CBS,Yes,No
COMPANY,MWG,CBS_269,CBS,Yes,No
COMPANY,MWG,CBS_2691,CBS,Yes,No
COMPANY,MWG,CBS_316,CBS,Yes,No
COMPANY,MWG,CBS_317,CBS,Yes,No
COMPANY,MWG,CBS_322,CBS,Yes,No
COMPANY,MWG,CBS_323,CBS,Yes,No
COMPANY,MWG,CBS_324,CBS,Yes,No
COMPANY,MWG,CBS_3241,CBS,Yes,No
COMPANY,MWG,CBS_330,CBS,Yes,No
COMPANY,MWG,CBS_331,CBS,Yes,No
COMPANY,MWG,CBS_332,CBS,Yes,No
COMPANY,MWG,CBS_333,CBS,Yes,No
COMPANY,MWG,CBS_334,CBS,Yes,No
COMPANY,MWG,CBS_335,CBS,Yes,No
COMPANY,MWG,CBS_336,CBS,Yes,No
COMPANY,MWG,CBS_337,CBS,Yes,No
COMPANY,MWG,CBS_338,CBS,Yes,No
COMPANY,MWG,CBS_339,CBS,Yes,No
COMPANY,MWG,CBS_340,CBS,Yes,No
COMPANY,MWG,CBS_341,CBS,Yes,No
COMPANY,MWG,CBS_342,CBS,Yes,No
COMPANY,MWG,CBS_3421,CBS,Yes,No
COMPANY,MWG,CBS_3422,CBS,Yes,No
COMPANY,MWG,CBS_343,CBS,Yes,No
COMPANY,MWG,CBS_411B,CBS,Yes,No
COMPANY,MWG,CBS_413,CBS,Yes,No
COMPANY,MWG,CBS_414,CBS,Yes,No
COMPANY,MWG,CBS_416,CBS,Yes,No
COMPANY,MWG,CBS_417,CBS,Yes,No
COMPANY,MWG,CBS_418,CBS,Yes,No
COMPANY,MWG,CBS_419,CBS,Yes,No
COMPANY,MWG,CBS_4191,CBS,Yes,No
COMPANY,MWG,CBS_4192,CBS,Yes,No
COMPANY,MWG,CBS_420,CBS,Yes,No
COMPANY,MWG,CBS_422,CBS,Yes,No
COMPANY,MWG,CBS_4291,CBS,Yes,No
COMPANY,MWG,CBS_430,CBS,Yes,No
COMPANY,MWG,CBS_4301,CBS,Yes,No
COMPANY,MWG,CBS_431,CBS,Yes,No
COMPANY,MWG,CBS_432,CBS,Yes,No
COMPANY,MWG,CCFI_1,CCFI,Yes,No
COMPANY,MWG,CCFI_10,CCFI,Yes,No
COMPANY,MWG,CCFI_11,CCFI,Yes,No
COMPANY,MWG,CCFI_12,CCFI,Yes,No
COMPANY,MWG,CCFI_13,CCFI,Yes,No
COMPANY,MWG,CCFI_14,CCFI,Yes,No
COMPANY,MWG,CCFI_15,CCFI,Yes,No
COMPANY,MWG,CCFI_16,CCFI,Yes,No
COMPANY,MWG,CCFI_17,CCFI,Yes,No
COMPANY,MWG,CCFI_2,CCFI,Yes,No
COMPANY,MWG,CCFI_20,CCFI,Yes,No
COMPANY,MWG,CCFI_21,CCFI,Yes,No
COMPANY,MWG,CCFI_22,CCFI,Yes,No
COMPANY,MWG,CCFI_23,CCFI,Yes,No
COMPANY,MWG,CCFI_24,CCFI,Yes,No
COMPANY,MWG,CCFI_25,CCFI,Yes,No
COMPANY,MWG,CCFI_26,CCFI,Yes,No
COMPANY,MWG,CCFI_27,CCFI,Yes,No
COMPANY,MWG,CCFI_2B,CCFI,Yes,No
COMPANY,MWG,CCFI_3,CCFI,Yes,No
COMPANY,MWG,CCFI_30,CCFI,Yes,No
COMPANY,MWG,CCFI_31,CCFI,Yes,No
COMPANY,MWG,CCFI_32,CCFI,Yes,No
COMPANY,MWG,CCFI_33,CCFI,Yes,No
COMPANY,MWG,CCFI_34,CCFI,Yes,No
COMPANY,MWG,CCFI_35,CCFI,Yes,No
COMPANY,MWG,CCFI_36,CCFI,Yes,No
COMPANY,MWG,CCFI_37,CCFI,Yes,No
COMPANY,MWG,CCFI_4,CCFI,Yes,No
COMPANY,MWG,CCFI_40,CCFI,Yes,No
COMPANY,MWG,CCFI_4B,CCFI,Yes,No
COMPANY,MWG,CCFI_5,CCFI,Yes,No
COMPANY,MWG,CCFI_50,CCFI,Yes,No
COMPANY,MWG,CCFI_6,CCFI,Yes,No
COMPANY,MWG,CCFI_60,CCFI,Yes,No
COMPANY,MWG,CCFI_61,CCFI,Yes,No
COMPANY,MWG,CCFI_6B,CCFI,Yes,No
COMPANY,MWG,CCFI_7,CCFI,Yes,No
COMPANY,MWG,CCFI_70,CCFI,Yes,No
COMPANY,MWG,CCFI_8,CCFI,Yes,No
COMPANY,MWG,CCFI_9,CCFI,Yes,No
COMPANY,MWG,CIS_241,CIS,Yes,No
COMPANY,MWG,CNOT_16,CNOT,Yes,No
COMPANY,MWG,CNOT_16_1,CNOT,Yes,No
COMPANY,MWG,CNOT_16_1_1,CNOT,Yes,No
COMPANY,MWG,CNOT_16_1_2,CNOT,Yes,No
COMPANY,MWG,CNOT_16_1_3,CNOT,Yes,No
COMPANY,MWG,CNOT_16_1_4,CNOT,Yes,No
COMPANY,MWG,CNOT_16_2,CNOT,Yes,No
COMPANY,MWG,CNOT_16_2_1,CNOT,Yes,No
COMPANY,MWG,CNOT_16_2_2,CNOT,Yes,No
COMPANY,MWG,CNOT_16_2_3,CNOT,Yes,No
COMPANY,MWG,CNOT_17,CNOT,Yes,No
COMPANY,MWG,CNOT_17_2,CNOT,Yes,No
COMPANY,MWG,CNOT_18,CNOT,Yes,No
COMPANY,MWG,CNOT_18_4,CNOT,Yes,No
COMPANY,MWG,CNOT_18_4_1,CNOT,Yes,No
COMPANY,MWG,CNOT_18_4_2,CNOT,Yes,No
COMPANY,MWG,CNOT_19,CNOT,Yes,No
COMPANY,MWG,CNOT_19_1,CNOT,Yes,No
COMPANY,MWG,CNOT_19_2,CNOT,Yes,No
COMPANY,MWG,CNOT_19_3,CNOT,Yes,No
COMPANY,MWG,CNOT_19_4,CNOT,Yes,No
COMPANY,MWG,CNOT_2,CNOT,Yes,No
COMPANY,MWG,CNOT_21,CNOT,Yes,No
COMPANY,MWG,CNOT_21_1,CNOT,Yes,No
COMPANY,MWG,CNOT_21_2,CNOT,Yes,No
COMPANY,MWG,CNOT_21_3,CNOT,Yes,No
COMPANY,MWG,CNOT_21_4,CNOT,Yes,No
COMPANY,MWG,CNOT_21_5,CNOT,Yes,No
COMPANY,MWG,CNOT_21_6,CNOT,Yes,No
COMPANY,MWG,CNOT_21_7,CNOT,Yes,No
COMPANY,MWG,CNOT_21_8,CNOT,Yes,No
COMPANY,MWG,CNOT_21_9,CNOT,Yes,No
COMPANY,MWG,CNOT_22_1,CNOT,Yes,No
COMPANY,MWG,CNOT_22_1_1,CNOT,Yes,No
COMPANY,MWG,CNOT_22_1_4,CNOT,Yes,No
COMPANY,MWG,CNOT_22_2,CNOT,Yes,No
COMPANY,MWG,CNOT_22_2_1,CNOT,Yes,No
COMPANY,MWG,CNOT_22_2_2,CNOT,Yes,No
COMPANY,MWG,CNOT_23_1,CNOT,Yes,No
COMPANY,MWG,CNOT_23_1_11,CNOT,Yes,No
COMPANY,MWG,CNOT_23_1_2,CNOT,Yes,No
COMPANY,MWG,CNOT_23_1_5,CNOT,Yes,No
COMPANY,MWG,CNOT_23_1_6,CNOT,Yes,No
COMPANY,MWG,CNOT_23_2,CNOT,Yes,No
COMPANY,MWG,CNOT_23_2_1,CNOT,Yes,No
COMPANY,MWG,CNOT_24_1,CNOT,Yes,No
COMPANY,MWG,CNOT_24_2,CNOT,Yes,No
COMPANY,MWG,CNOT_24_3,CNOT,Yes,No
COMPANY,MWG,CNOT_25_1,CNOT,Yes,No
COMPANY,MWG,CNOT_25_2,CNOT,Yes,No
COMPANY,MWG,CNOT_26,CNOT,Yes,No
COMPANY,MWG,CNOT_27,CNOT,Yes,No
COMPANY,MWG,CNOT_27_1,CNOT,Yes,No
COMPANY,MWG,CNOT_27_2,CNOT,Yes,No
COMPANY,MWG,CNOT_28,CNOT,Yes,No
COMPANY,MWG,CNOT_28_1,CNOT,Yes,No
COMPANY,MWG,CNOT_28_1_1,CNOT,Yes,No
COMPANY,MWG,CNOT_28_1_2,CNOT,Yes,No
COMPANY,MWG,CNOT_28_1_3,CNOT,Yes,No
COMPANY,MWG,CNOT_28_1_4,CNOT,Yes,No
COMPANY,MWG,CNOT_28_1_5,CNOT,Yes,No
COMPANY,MWG,CNOT_28_2,CNOT,Yes,No
COMPANY,MWG,CNOT_28_2_1,CNOT,Yes,No
COMPANY,MWG,CNOT_28_2_2,CNOT,Yes,No
COMPANY,MWG,CNOT_28_2_3,CNOT,Yes,No
COMPANY,MWG,CNOT_2_1_1,CNOT,Yes,No
COMPANY,MWG,CNOT_2_1_2,CNOT,Yes,No
COMPANY,MWG,CNOT_2_1_3,CNOT,Yes,No
COMPANY,MWG,CNOT_2_2_1_1,CNOT,Yes,No
COMPANY,MWG,CNOT_2_2_1_2,CNOT,Yes,No
COMPANY,MWG,CNOT_2_2_1_3,CNOT,Yes,No
COMPANY,MWG,CNOT_2_2_2_1,CNOT,Yes,No
COMPANY,MWG,CNOT_2_2_2_2,CNOT,Yes,No
COMPANY,MWG,CNOT_2_2_2_3,CNOT,Yes,No
COMPANY,MWG,CNOT_2_3,CNOT,Yes,No
COMPANY,MWG,CNOT_2_3_1,CNOT,Yes,No
COMPANY,MWG,CNOT_2_3_2,CNOT,Yes,No
COMPANY,MWG,CNOT_2_3_3,CNOT,Yes,No
COMPANY,MWG,CNOT_3,CNOT,Yes,No
COMPANY,MWG,CNOT_30,CNOT,Yes,No
COMPANY,MWG,CNOT_30_1,CNOT,Yes,No
COMPANY,MWG,CNOT_30_2,CNOT,Yes,No
COMPANY,MWG,CNOT_31,CNOT,Yes,No
COMPANY,MWG,CNOT_31_1,CNOT,Yes,No
COMPANY,MWG,CNOT_31_2,CNOT,Yes,No
COMPANY,MWG,CNOT_31_3,CNOT,Yes,No
COMPANY,MWG,CNOT_31_4,CNOT,Yes,No
COMPANY,MWG,CNOT_32_4,CNOT,Yes,No
COMPANY,MWG,CNOT_34_9,CNOT,Yes,No
COMPANY,MWG,CNOT_35_4,CNOT,Yes,No
COMPANY,MWG,CNOT_36_10,CNOT,Yes,No
COMPANY,MWG,CNOT_36_4,CNOT,Yes,No
COMPANY,MWG,CNOT_37,CNOT,Yes,No
COMPANY,MWG,CNOT_37_1,CNOT,Yes,No
COMPANY,MWG,CNOT_37_2,CNOT,Yes,No
COMPANY,MWG,CNOT_37_3,CNOT,Yes,No
COMPANY,MWG,CNOT_37_4,CNOT,Yes,No
COMPANY,MWG,CNOT_37_5,CNOT,Yes,No
COMPANY,MWG,CNOT_38,CNOT,Yes,No
COMPANY,MWG,CNOT_38_1,CNOT,Yes,No
COMPANY,MWG,CNOT_38_2,CNOT,Yes,No
COMPANY,MWG,CNOT_38_3,CNOT,Yes,No
COMPANY,MWG,CNOT_38_4,CNOT,Yes,No
COMPANY,MWG,CNOT_3_1,CNOT,Yes,No
COMPANY,MWG,CNOT_3_2,CNOT,Yes,No
COMPANY,MWG,CNOT_3_3,CNOT,Yes,No
COMPANY,MWG,CNOT_4,CNOT,Yes,No
COMPANY,MWG,CNOT_40,CNOT,Yes,No
COMPANY,MWG,CNOT_40_1,CNOT,Yes,No
COMPANY,MWG,CNOT_40_2,CNOT,Yes,No
COMPANY,MWG,CNOT_41_4,CNOT,Yes,No
COMPANY,MWG,CNOT_41_5,CNOT,Yes,No
COMPANY,MWG,CNOT_43,CNOT,Yes,No
COMPANY,MWG,CNOT_4_1_6,CNOT,Yes,No
COMPANY,MWG,CNOT_4_2_1,CNOT,Yes,No
COMPANY,MWG,CNOT_4_2_2,CNOT,Yes,No
COMPANY,MWG,CNOT_4_2_3,CNOT,Yes,No
COMPANY,MWG,CNOT_4_2_6,CNOT,Yes,No
COMPANY,MWG,CNOT_5_1,CNOT,Yes,No
COMPANY,MWG,CNOT_5_2,CNOT,Yes,No
COMPANY,MWG,CNOT_5_3,CNOT,Yes,No
COMPANY,MWG,CNOT_5_4,CNOT,Yes,No
COMPANY,MWG,CNOT_6,CNOT,Yes,No
COMPANY,MWG,CNOT_6_1,CNOT,Yes,No
COMPANY,MWG,CNOT_6_2,CNOT,Yes,No
COMPANY,MWG,CNOT_6_3,CNOT,Yes,No
COMPANY,MWG,CNOT_8,CNOT,Yes,No
COMPANY,MWG,CNOT_8_1,CNOT,Yes,No
COMPANY,MWG,CNOT_8_2,CNOT,Yes,No
COMPANY,MWG,CNOT_8_2_1,CNOT,Yes,No
COMPANY,MWG,CNOT_8_2_2,CNOT,Yes,No
COMPANY,MWG,CNOT_8_2_3,CNOT,Yes,No
SECURITY,SSI,SBS_111_3,SBS,Yes,No
SECURITY,SSI,SBS_111_4,SBS,Yes,No
SECURITY,SSI,SBS_117_0,SBS,Yes,No
SECURITY,SSI,SBS_117_3,SBS,Yes,No
SECURITY,SSI,SBS_117_3_1,SBS,Yes,No
SECURITY,SSI,SBS_117_5,SBS,Yes,No
SECURITY,SSI,SBS_117_6,SBS,Yes,No
SECURITY,SSI,SBS_117_7,SBS,Yes,No
SECURITY,SSI,SBS_119,SBS,Yes,No
SECURITY,SSI,SBS_120,SBS,Yes,No
SECURITY,SSI,SBS_121,SBS,Yes,No
SECURITY,SSI,SBS_121_1,SBS,Yes,No
SECURITY,SSI,SBS_121_2,SBS,Yes,No
SECURITY,SSI,SBS_121_3,SBS,Yes,No
SECURITY,SSI,SBS_129_1,SBS,Yes,No
SECURITY,SSI,SBS_129_2,SBS,Yes,No
SECURITY,SSI,SBS_129_3,SBS,Yes,No
SECURITY,SSI,SBS_129_4,SBS,Yes,No
SECURITY,SSI,SBS_129_5,SBS,Yes,No
SECURITY,SSI,SBS_135,SBS,Yes,No
SECURITY,SSI,SBS_138,SBS,Yes,No
SECURITY,SSI,SBS_139,SBS,Yes,No
SECURITY,SSI,SBS_211,SBS,Yes,No
SECURITY,SSI,SBS_211_1,SBS,Yes,No
SECURITY,SSI,SBS_211_2,SBS,Yes,No
SECURITY,SSI,SBS_211_3,SBS,Yes,No
SECURITY,SSI,SBS_211_4,SBS,Yes,No
SECURITY,SSI,SBS_211_5,SBS,Yes,No
SECURITY,SSI,SBS_211_6,SBS,Yes,No
SECURITY,SSI,SBS_211_7,SBS,Yes,No
SECURITY,SSI,SBS_212_2,SBS,Yes,No
SECURITY,SSI,SBS_212_4,SBS,Yes,No
SECURITY,SSI,SBS_212_5,SBS,Yes,No
SECURITY,SSI,SBS_212_6,SBS,Yes,No
SECURITY,SSI,SBS_213,SBS,Yes,No
SECURITY,SSI,SBS_223B,SBS,Yes,No
SECURITY,SSI,SBS_224,SBS,Yes,No
SECURITY,SSI,SBS_225,SBS,Yes,No
SECURITY,SSI,SBS_226A,SBS,Yes,No
SECURITY,SSI,SBS_226B,SBS,Yes,No
SECURITY,SSI,SBS_229B,SBS,Yes,No
SECURITY,SSI,SBS_232B,SBS,Yes,No
SECURITY,SSI,SBS_240A,SBS,Yes,No
SECURITY,SSI,SBS_255_1,SBS,Yes,No
SECURITY,SSI,SBS_255_2,SBS,Yes,No
SECURITY,SSI,SBS_255_3,SBS,Yes,No
SECURITY,SSI,SBS_256,SBS,Yes,No
SECURITY,SSI,SBS_260,SBS,Yes,No
SECURITY,SSI,SBS_313,SBS,Yes,No
SECURITY,SSI,SBS_314,SBS,Yes,No
SECURITY,SSI,SBS_315,SBS,Yes,No
SECURITY,SSI,SBS_316,SBS,Yes,No
SECURITY,SSI,SBS_317,SBS,Yes,No
SECURITY,SSI,SBS_319,SBS,Yes,No
SECURITY,SSI,SBS_326,SBS,Yes,No
SECURITY,SSI,SBS_329_1,SBS,Yes,No
SECURITY,SSI,SBS_329_2,SBS,Yes,No
SECURITY,SSI,SBS_329_3,SBS,Yes,No
SECURITY,SSI,SBS_330,SBS,Yes,No
SECURITY,SSI,SBS_331_1,SBS,Yes,No
SECURITY,SSI,SBS_332,SBS,Yes,No
SECURITY,SSI,SBS_341,SBS,Yes,No
SECURITY,SSI,SBS_342,SBS,Yes,No
SECURITY,SSI,SBS_343,SBS,Yes,No
SECURITY,SSI,SBS_344,SBS,Yes,No
SECURITY,SSI,SBS_345,SBS,Yes,No
SECURITY,SSI,SBS_346,SBS,Yes,No
SECURITY,SSI,SBS_347,SBS,Yes,No
SECURITY,SSI,SBS_348,SBS,Yes,No
SECURITY,SSI,SBS_349,SBS,Yes,No
SECURITY,SSI,SBS_350,SBS,Yes,No
SECURITY,SSI,SBS_350_1,SBS,Yes,No
SECURITY,SSI,SBS_352,SBS,Yes,No
SECURITY,SSI,SBS_353,SBS,Yes,No
SECURITY,SSI,SBS_353_1,SBS,Yes,No
SECURITY,SSI,SBS_353_2,SBS,Yes,No
SECURITY,SSI,SBS_354,SBS,Yes,No
SECURITY,SSI,SBS_355,SBS,Yes,No
SECURITY,SSI,SBS_357,SBS,Yes,No
SECURITY,SSI,SBS_411_1B,SBS,Yes,No
SECURITY,SSI,SBS_411_3,SBS,Yes,No
SECURITY,SSI,SBS_411_4,SBS,Yes,No
SECURITY,SSI,SBS_414_1,SBS,Yes,No
SECURITY,SSI,SBS_415,SBS,Yes,No
SECURITY,SSI,SBS_416,SBS,Yes,No
SECURITY,SSI,SBS_417_2_1,SBS,Yes,No
SECURITY,SSI,SBS_417_2_2,SBS,Yes,No
SECURITY,SSI,SBS_418_1,SBS,Yes,No
SECURITY,SSI,SBS_420,SBS,Yes,No
SECURITY,SSI,SBS_420_1,SBS,Yes,No
SECURITY,SSI,SBS_420_2,SBS,Yes,No
SECURITY,SSI,SBS_420_3,SBS,Yes,No
SECURITY,SSI,SBS_440_1,SBS,Yes,No
SECURITY,SSI,SBS_440_2,SBS,Yes,No
SECURITY,SSI,SCFI_04A1,SCFI,Yes,No
SECURITY,SSI,SCFI_04A2,SCFI,Yes,No
SECURITY,SSI,SCFI_101_3,SCFI,Yes,No
SECURITY,SSI,SCFI_103_3,SCFI,Yes,No
SECURITY,SSI,SCFI_11_1,SCFI,Yes,No
SECURITY,SSI,SCFI_11_2,SCFI,Yes,No
SECURITY,SSI,SCFI_11_3,SCFI,Yes,No
SECURITY,SSI,SCFI_11_4,SCFI,Yes,No
SECURITY,SSI,SCFI_14_1,SCFI,Yes,No
SECURITY,SSI,SCFI_14_2,SCFI,Yes,No
SECURITY,SSI,SCFI_16_1,SCFI,Yes,No
SECURITY,SSI,SCFI_19_1,SCFI,Yes,No
SECURITY,SSI,SCFI_19_2,SCFI,Yes,No
SECURITY,SSI,SCFI_19_3,SCFI,Yes,No
SECURITY,SSI,SCFI_20_1,SCFI,Yes,No
SECURITY,SSI,SCFI_20_2,SCFI,Yes,No
SECURITY,SSI,SCFI_20_3,SCFI,Yes,No
SECURITY,SSI,SCFI_20_4,SCFI,Yes,No
SECURITY,SSI,SCFI_20_5,SCFI,Yes,No
SECURITY,SSI,SCFI_21_1,SCFI,Yes,No
SECURITY,SSI,SCFI_32_A1,SCFI,Yes,No
SECURITY,SSI,SCFI_32_A2,SCFI,Yes,No
SECURITY,SSI,SCFI_32_A3,SCFI,Yes,No
SECURITY,SSI,SCFI_35_A1,SCFI,Yes,No
SECURITY,SSI,SCFI_3_1,SCFI,Yes,No
SECURITY,SSI,SCFI_40_1,SCFI,Yes,No
SECURITY,SSI,SCFI_40_2,SCFI,Yes,No
SECURITY,SSI,SCFI_40_3,SCFI,Yes,No
SECURITY,SSI,SCFI_40_4,SCFI,Yes,No
SECURITY,SSI,SCFI_40_5,SCFI,Yes,No
SECURITY,SSI,SCFI_40_6,SCFI,Yes,No
SECURITY,SSI,SCFI_42_1,SCFI,Yes,No
SECURITY,SSI,SCFI_42_2,SCFI,Yes,No
SECURITY,SSI,SCFI_42_2A,SCFI,Yes,No
SECURITY,SSI,SCFI_42_3A,SCFI,Yes,No
SECURITY,SSI,SCFI_43_1,SCFI,Yes,No
SECURITY,SSI,SCFI_45_1,SCFI,Yes,No
SECURITY,SSI,SCFI_50_1,SCFI,Yes,No
SECURITY,SSI,SCFI_50_2,SCFI,Yes,No
SECURITY,SSI,SCFI_51_1,SCFI,Yes,No
SECURITY,SSI,SCFI_51_2,SCFI,Yes,No
SECURITY,SSI,SCFI_5_1,SCFI,Yes,No
SECURITY,SSI,SCFI_62_1,SCFI,Yes,No
SECURITY,SSI,SCFI_62_2,SCFI,Yes,No
SECURITY,SSI,SIS_11_1,SIS,Yes,No
SECURITY,SSI,SIS_11_2,SIS,Yes,No
SECURITY,SSI,SIS_1_4,SIS,Yes,No
SECURITY,SSI,SIS_202,SIS,Yes,No
SECURITY,SSI,SIS_203_1,SIS,Yes,No
SECURITY,SSI,SIS_21_4,SIS,Yes,No
SECURITY,SSI,SIS_22,SIS,Yes,No
SECURITY,SSI,SIS_22_1,SIS,Yes,No
SECURITY,SSI,SIS_23,SIS,Yes,No
SECURITY,SSI,SIS_25,SIS,Yes,No
SECURITY,SSI,SIS_28,SIS,Yes,No
SECURITY,SSI,SIS_29_1,SIS,Yes,No
SECURITY,SSI,SIS_302,SIS,Yes,No
SECURITY,SSI,SIS_303,SIS,Yes,No
SECURITY,SSI,SIS_304,SIS,Yes,No
SECURITY,SSI,SIS_305,SIS,Yes,No
SECURITY,SSI,SIS_306,SIS,Yes,No
SECURITY,SSI,SIS_307,SIS,Yes,No
SECURITY,SSI,SIS_32_1,SIS,Yes,No
SECURITY,SSI,SIS_402,SIS,Yes,No
SECURITY,SSI,SIS_43,SIS,Yes,No
SECURITY,SSI,SIS_5,SIS,Yes,No
SECURITY,SSI,SIS_500,SIS,Yes,No
SECURITY,SSI,SIS_501,SIS,Yes,No
SECURITY,SSI,SIS_502,SIS,Yes,No
SECURITY,SSI,SIS_50_1,SIS,Yes,No
SECURITY,SSI,SIS_53,SIS,Yes,No
SECURITY,SSI,SIS_54,SIS,Yes,No
SECURITY,SSI,SIS_56,SIS,Yes,No
SECURITY,SSI,SIS_61,SIS,Yes,No
SECURITY,SSI,SIS_7_1,SIS,Yes,No
SECURITY,SSI,SIS_7_2,SIS,Yes,No
SECURITY,SSI,SIS_80_1,SIS,Yes,No
SECURITY,SSI,SIS_8_1,SIS,Yes,No
SECURITY,SSI,SIS_9_1,SIS,Yes,No
SECURITY,SSI,SIS_9_2,SIS,Yes,No
SECURITY,SSI,SNOT_10,SNOT,Yes,No
SECURITY,SSI,SNOT_100,SNOT,Yes,No
SECURITY,SSI,SNOT_100_1,SNOT,Yes,No
SECURITY,SSI,SNOT_100_2,SNOT,Yes,No
SECURITY,SSI,SNOT_100_3,SNOT,Yes,No
SECURITY,SSI,SNOT_100_4,SNOT,Yes,No
SECURITY,SSI,SNOT_100_5,SNOT,Yes,No
SECURITY,SSI,SNOT_100_6,SNOT,Yes,No
SECURITY,SSI,SNOT_100_7,SNOT,Yes,No
SECURITY,SSI,SNOT_100_8,SNOT,Yes,No
SECURITY,SSI,SNOT_101,SNOT,Yes,No
SECURITY,SSI,SNOT_101_1,SNOT,Yes,No
SECURITY,SSI,SNOT_101_2,SNOT,Yes,No
SECURITY,SSI,SNOT_101_3,SNOT,Yes,No
SECURITY,SSI,SNOT_101_4,SNOT,Yes,No
SECURITY,SSI,SNOT_101_5,SNOT,Yes,No
SECURITY,SSI,SNOT_102,SNOT,Yes,No
SECURITY,SSI,SNOT_11,SNOT,Yes,No
SECURITY,SSI,SNOT_12,SNOT,Yes,No
SECURITY,SSI,SNOT_13,SNOT,Yes,No
SECURITY,SSI,SNOT_14,SNOT,Yes,No
SECURITY,SSI,SNOT_14_1,SNOT,Yes,No
SECURITY,SSI,SNOT_14_2,SNOT,Yes,No
SECURITY,SSI,SNOT_14_3,SNOT,Yes,No
SECURITY,SSI,SNOT_14_4,SNOT,Yes,No
SECURITY,SSI,SNOT_14_5,SNOT,Yes,No
SECURITY,SSI,SNOT_14_6,SNOT,Yes,No
SECURITY,SSI,SNOT_15,SNOT,Yes,No
SECURITY,SSI,SNOT_15_1,SNOT,Yes,No
SECURITY,SSI,SNOT_15_2,SNOT,Yes,No
SECURITY,SSI,SNOT_15_3,SNOT,Yes,No
SECURITY,SSI,SNOT_15_4,SNOT,Yes,No
SECURITY,SSI,SNOT_16,SNOT,Yes,No
SECURITY,SSI,SNOT_17,SNOT,Yes,No
SECURITY,SSI,SNOT_18,SNOT,Yes,No
SECURITY,SSI,SNOT_19,SNOT,Yes,No
SECURITY,SSI,SNOT_20,SNOT,Yes,No
SECURITY,SSI,SNOT_20_1,SNOT,Yes,No
SECURITY,SSI,SNOT_20_1_1,SNOT,Yes,No
SECURITY,SSI,SNOT_20_1_2,SNOT,Yes,No
SECURITY,SSI,SNOT_20_2,SNOT,Yes,No
SECURITY,SSI,SNOT_20_3,SNOT,Yes,No
SECURITY,SSI,SNOT_20_3_1,SNOT,Yes,No
SECURITY,SSI,SNOT_20_3_2,SNOT,Yes,No
SECURITY,SSI,SNOT_20_4,SNOT,Yes,No
SECURITY,SSI,SNOT_21,SNOT,Yes,No
SECURITY,SSI,SNOT_21_1,SNOT,Yes,No
SECURITY,SSI,SNOT_21_2,SNOT,Yes,No
SECURITY,SSI,SNOT_22,SNOT,Yes,No
SECURITY,SSI,SNOT_22_1,SNOT,Yes,No
SECURITY,SSI,SNOT_22_2,SNOT,Yes,No
SECURITY,SSI,SNOT_23,SNOT,Yes,No
SECURITY,SSI,SNOT_24,SNOT,Yes,No
SECURITY,SSI,SNOT_25,SNOT,Yes,No
SECURITY,SSI,SNOT_26,SNOT,Yes,No
SECURITY,SSI,SNOT_27,SNOT,Yes,No
SECURITY,SSI,SNOT_27_1,SNOT,Yes,No
SECURITY,SSI,SNOT_27_1_1,SNOT,Yes,No
SECURITY,SSI,SNOT_27_1_2,SNOT,Yes,No
SECURITY,SSI,SNOT_27_1_3,SNOT,Yes,No
SECURITY,SSI,SNOT_27_1_4,SNOT,Yes,No
SECURITY,SSI,SNOT_27_2,SNOT,Yes,No
SECURITY,SSI,SNOT_27_2_1,SNOT,Yes,No
SECURITY,SSI,SNOT_27_2_2,SNOT,Yes,No
SECURITY,SSI,SNOT_27_2_3,SNOT,Yes,No
SECURITY,SSI,SNOT_27_2_4,SNOT,Yes,No
SECURITY,SSI,SNOT_27_3,SNOT,Yes,No
SECURITY,SSI,SNOT_27_3_1,SNOT,Yes,No
SECURITY,SSI,SNOT_27_3_2,SNOT,Yes,No
SECURITY,SSI,SNOT_27_3_3,SNOT,Yes,No
SECURITY,SSI,SNOT_27_3_4,SNOT,Yes,No
SECURITY,SSI,SNOT_27_4,SNOT,Yes,No
SECURITY,SSI,SNOT_27_4_1,SNOT,Yes,No
SECURITY,SSI,SNOT_27_4_2,SNOT,Yes,No
SECURITY,SSI,SNOT_27_4_3,SNOT,Yes,No
SECURITY,SSI,SNOT_27_4_4,SNOT,Yes,No
SECURITY,SSI,SNOT_27_5,SNOT,Yes,No
SECURITY,SSI,SNOT_27_5_1,SNOT,Yes,No
SECURITY,SSI,SNOT_27_5_2,SNOT,Yes,No
SECURITY,SSI,SNOT_27_5_3,SNOT,Yes,No
SECURITY,SSI,SNOT_27_5_4,SNOT,Yes,No
SECURITY,SSI,SNOT_27_6,SNOT,Yes,No
SECURITY,SSI,SNOT_27_6_1,SNOT,Yes,No
SECURITY,SSI,SNOT_27_6_2,SNOT,Yes,No
SECURITY,SSI,SNOT_27_6_3,SNOT,Yes,No
SECURITY,SSI,SNOT_27_6_4,SNOT,Yes,No
SECURITY,SSI,SNOT_27_7,SNOT,Yes,No
SECURITY,SSI,SNOT_27_7_1,SNOT,Yes,No
SECURITY,SSI,SNOT_27_7_2,SNOT,Yes,No
SECURITY,SSI,SNOT_27_7_3,SNOT,Yes,No
SECURITY,SSI,SNOT_27_7_4,SNOT,Yes,No
SECURITY,SSI,SNOT_27_8,SNOT,Yes,No
SECURITY,SSI,SNOT_27_8_1,SNOT,Yes,No
SECURITY,SSI,SNOT_27_8_2,SNOT,Yes,No
SECURITY,SSI,SNOT_27_8_3,SNOT,Yes,No
SECURITY,SSI,SNOT_27_8_4,SNOT,Yes,No
SECURITY,SSI,SNOT_27_9,SNOT,Yes,No
SECURITY,SSI,SNOT_28,SNOT,Yes,No
SECURITY,SSI,SNOT_28_1,SNOT,Yes,No
SECURITY,SSI,SNOT_28_1_1,SNOT,Yes,No
SECURITY,SSI,SNOT_28_1_2,SNOT,Yes,No
SECURITY,SSI,SNOT_28_1_3,SNOT,Yes,No
SECURITY,SSI,SNOT_28_1_4,SNOT,Yes,No
SECURITY,SSI,SNOT_28_2,SNOT,Yes,No
SECURITY,SSI,SNOT_28_2_1,SNOT,Yes,No
SECURITY,SSI,SNOT_28_2_2,SNOT,Yes,No
SECURITY,SSI,SNOT_28_2_3,SNOT,Yes,No
SECURITY,SSI,SNOT_28_2_4,SNOT,Yes,No
SECURITY,SSI,SNOT_28_3,SNOT,Yes,No
SECURITY,SSI,SNOT_28_3_1,SNOT,Yes,No
SECURITY,SSI,SNOT_28_3_2,SNOT,Yes,No
SECURITY,SSI,SNOT_28_3_3,SNOT,Yes,No
SECURITY,SSI,SNOT_28_3_4,SNOT,Yes,No
SECURITY,SSI,SNOT_28_4,SNOT,Yes,No
SECURITY,SSI,SNOT_28_4_1,SNOT,Yes,No
SECURITY,SSI,SNOT_28_4_2,SNOT,Yes,No
SECURITY,SSI,SNOT_28_4_3,SNOT,Yes,No
SECURITY,SSI,SNOT_28_4_4,SNOT,Yes,No
SECURITY,SSI,SNOT_28_5,SNOT,Yes,No
SECURITY,SSI,SNOT_28_5_1,SNOT,Yes,No
SECURITY,SSI,SNOT_28_5_2,SNOT,Yes,No
SECURITY,SSI,SNOT_28_5_3,SNOT,Yes,No
SECURITY,SSI,SNOT_28_5_4,SNOT,Yes,No
SECURITY,SSI,SNOT_28_6,SNOT,Yes,No
SECURITY,SSI,SNOT_28_6_1,SNOT,Yes,No
SECURITY,SSI,SNOT_28_6_2,SNOT,Yes,No
SECURITY,SSI,SNOT_28_6_3,SNOT,Yes,No
SECURITY,SSI,SNOT_28_6_4,SNOT,Yes,No
SECURITY,SSI,SNOT_28_7,SNOT,Yes,No
SECURITY,SSI,SNOT_28_7_1,SNOT,Yes,No
SECURITY,SSI,SNOT_28_7_2,SNOT,Yes,No
SECURITY,SSI,SNOT_28_7_3,SNOT,Yes,No
SECURITY,SSI,SNOT_28_7_4,SNOT,Yes,No
SECURITY,SSI,SNOT_28_8,SNOT,Yes,No
SECURITY,SSI,SNOT_28_8_1,SNOT,Yes,No
SECURITY,SSI,SNOT_28_8_2,SNOT,Yes,No
SECURITY,SSI,SNOT_28_8_3,SNOT,Yes,No
SECURITY,SSI,SNOT_28_8_4,SNOT,Yes,No
SECURITY,SSI,SNOT_28_9,SNOT,Yes,No
SECURITY,SSI,SNOT_29,SNOT,Yes,No
SECURITY,SSI,SNOT_30,SNOT,Yes,No
SECURITY,SSI,SNOT_31,SNOT,Yes,No
SECURITY,SSI,SNOT_38A,SNOT,Yes,No
SECURITY,SSI,SNOT_38_12A,SNOT,Yes,No
SECURITY,SSI,SNOT_38_1_2,SNOT,Yes,No
SECURITY,SSI,SNOT_47_12A,SNOT,Yes,No
SECURITY,SSI,SNOT_47_1_2,SNOT,Yes,No
SECURITY,SSI,SNOT_79_1_1,SNOT,Yes,No
SECURITY,SSI,SNOT_79_1_10,SNOT,Yes,No
SECURITY,SSI,SNOT_79_1_11,SNOT,Yes,No
SECURITY,SSI,SNOT_79_1_11_1,SNOT,Yes,No
SECURITY,SSI,SNOT_79_1_2,SNOT,Yes,No
SECURITY,SSI,SNOT_79_1_3,SNOT,Yes,No
SECURITY,SSI,SNOT_79_1_4,SNOT,Yes,No
SECURITY,SSI,SNOT_79_1_5,SNOT,Yes,No
SECURITY,SSI,SNOT_79_1_6,SNOT,Yes,No
SECURITY,SSI,SNOT_79_1_7,SNOT,Yes,No
SECURITY,SSI,SNOT_79_1_8,SNOT,Yes,No
SECURITY,SSI,SNOT_79_1_9,SNOT,Yes,No
SECURITY,SSI,SNOT_79_2_1,SNOT,Yes,No
SECURITY,SSI,SNOT_79_2_2,SNOT,Yes,No
SECURITY,SSI,SNOT_79_2_3,SNOT,Yes,No
SECURITY,SSI,SNOT_79_2_4,SNOT,Yes,No
SECURITY,SSI,SNOT_8,SNOT,Yes,No
SECURITY,SSI,SNOT_81_11,SNOT,Yes,No
SECURITY,SSI,SNOT_83_4,SNOT,Yes,No
SECURITY,SSI,SNOT_84_3,SNOT,Yes,No
SECURITY,SSI,SNOT_86,SNOT,Yes,No
SECURITY,SSI,SNOT_86_1,SNOT,Yes,No
SECURITY,SSI,SNOT_86_2,SNOT,Yes,No
SECURITY,SSI,SNOT_86_3,SNOT,Yes,No
SECURITY,SSI,SNOT_87,SNOT,Yes,No
SECURITY,SSI,SNOT_87_1,SNOT,Yes,No
SECURITY,SSI,SNOT_87_2,SNOT,Yes,No
SECURITY,SSI,SNOT_87_3,SNOT,Yes,No
SECURITY,SSI,SNOT_88,SNOT,Yes,No
SECURITY,SSI,SNOT_88_1,SNOT,Yes,No
SECURITY,SSI,SNOT_88_2,SNOT,Yes,No
SECURITY,SSI,SNOT_88_3,SNOT,Yes,No
SECURITY,SSI,SNOT_89,SNOT,Yes,No
SECURITY,SSI,SNOT_89_1,SNOT,Yes,No
SECURITY,SSI,SNOT_89_2,SNOT,Yes,No
SECURITY,SSI,SNOT_89_3,SNOT,Yes,No
SECURITY,SSI,SNOT_8_1,SNOT,Yes,No
SECURITY,SSI,SNOT_8_2,SNOT,Yes,No
SECURITY,SSI,SNOT_8_3,SNOT,Yes,No
SECURITY,SSI,SNOT_8_4,SNOT,Yes,No
SECURITY,SSI,SNOT_8_5,SNOT,Yes,No
SECURITY,SSI,SNOT_8_6,SNOT,Yes,No
SECURITY,SSI,SNOT_8_7,SNOT,Yes,No
SECURITY,SSI,SNOT_9,SNOT,Yes,No
SECURITY,SSI,SNOT_90,SNOT,Yes,No
SECURITY,SSI,SNOT_90_1,SNOT,Yes,No
SECURITY,SSI,SNOT_90_2,SNOT,Yes,No
SECURITY,SSI,SNOT_91,SNOT,Yes,No
SECURITY,SSI,SNOT_91_1,SNOT,Yes,No
SECURITY,SSI,SNOT_91_2,SNOT,Yes,No
SECURITY,SSI,SNOT_91_3,SNOT,Yes,No
SECURITY,SSI,SNOT_91_4,SNOT,Yes,No
SECURITY,SSI,SNOT_91_5,SNOT,Yes,No
SECURITY,SSI,SNOT_92,SNOT,Yes,No
SECURITY,SSI,SNOT_92_1,SNOT,Yes,No
SECURITY,SSI,SNOT_92_2,SNOT,Yes,No
SECURITY,SSI,SNOT_93,SNOT,Yes,No
SECURITY,SSI,SNOT_93_1,SNOT,Yes,No
SECURITY,SSI,SNOT_93_2,SNOT,Yes,No
SECURITY,SSI,SNOT_93_3,SNOT,Yes,No
SECURITY,SSI,SNOT_93_4,SNOT,Yes,No
SECURITY,SSI,SNOT_93_5,SNOT,Yes,No
SECURITY,SSI,SNOT_93_6,SNOT,Yes,No
SECURITY,SSI,SNOT_94,SNOT,Yes,No
SECURITY,SSI,SNOT_94_1,SNOT,Yes,No
SECURITY,SSI,SNOT_94_2,SNOT,Yes,No
SECURITY,SSI,SNOT_94_3,SNOT,Yes,No
SECURITY,SSI,SNOT_94_4,SNOT,Yes,No
SECURITY,SSI,SNOT_94_4_1,SNOT,Yes,No
SECURITY,SSI,SNOT_94_4_2,SNOT,Yes,No
SECURITY,SSI,SNOT_94_4_3,SNOT,Yes,No
SECURITY,SSI,SNOT_94_5,SNOT,Yes,No
SECURITY,SSI,SNOT_94_6,SNOT,Yes,No
SECURITY,SSI,SNOT_94_6_1,SNOT,Yes,No
SECURITY,SSI,SNOT_94_6_2,SNOT,Yes,No
SECURITY,SSI,SNOT_94_6_3,SNOT,Yes,No
SECURITY,SSI,SNOT_94_6_4,SNOT,Yes,No
SECURITY,SSI,SNOT_94_6_5,SNOT,Yes,No
SECURITY,SSI,SNOT_94_6_6,SNOT,Yes,No
SECURITY,SSI,SNOT_95,SNOT,Yes,No
SECURITY,SSI,SNOT_95_1,SNOT,Yes,No
SECURITY,SSI,SNOT_95_2,SNOT,Yes,No
SECURITY,SSI,SNOT_95_3,SNOT,Yes,No
SECURITY,SSI,SNOT_95_4,SNOT,Yes,No
SECURITY,SSI,SNOT_95_5,SNOT,Yes,No
SECURITY,SSI,SNOT_95_6,SNOT,Yes,No
SECURITY,SSI,SNOT_95_7,SNOT,Yes,No
SECURITY,SSI,SNOT_95_8,SNOT,Yes,No
SECURITY,SSI,SNOT_96,SNOT,Yes,No
SECURITY,SSI,SNOT_96_1,SNOT,Yes,No
SECURITY,SSI,SNOT_96_2,SNOT,Yes,No
SECURITY,SSI,SNOT_96_3,SNOT,Yes,No
SECURITY,SSI,SNOT_96_4,SNOT,Yes,No
SECURITY,SSI,SNOT_96_5,SNOT,Yes,No
SECURITY,SSI,SNOT_96_6,SNOT,Yes,No
SECURITY,SSI,SNOT_96_7,SNOT,Yes,No
SECURITY,SSI,SNOT_96_8,SNOT,Yes,No
SECURITY,SSI,SNOT_97,SNOT,Yes,No
SECURITY,SSI,SNOT_97_1,SNOT,Yes,No
SECURITY,SSI,SNOT_97_2,SNOT,Yes,No
SECURITY,SSI,SNOT_97_3,SNOT,Yes,No
SECURITY,SSI,SNOT_97_4,SNOT,Yes,No
SECURITY,SSI,SNOT_97_5,SNOT,Yes,No
SECURITY,SSI,SNOT_97_6,SNOT,Yes,No
SECURITY,SSI,SNOT_97_7,SNOT,Yes,No
SECURITY,SSI,SNOT_97_8,SNOT,Yes,No
SECURITY,SSI,SNOT_97_9,SNOT,Yes,No
SECURITY,SSI,SNOT_98,SNOT,Yes,No
SECURITY,SSI,SNOT_98_1,SNOT,Yes,No
SECURITY,SSI,SNOT_98_2,SNOT,Yes,No
SECURITY,SSI,SNOT_98_3,SNOT,Yes,No
SECURITY,SSI,SNOT_99,SNOT,Yes,No
SECURITY,SSI,SNOT_99_1,SNOT,Yes,No
SECURITY,SSI,SNOT_99_2,SNOT,Yes,No
SECURITY,SSI,SNOT_99_3,SNOT,Yes,No
SECURITY,SSI,SNOT_99_4,SNOT,Yes,No
SECURITY,SSI,SNOT_99_5,SNOT,Yes,No
SECURITY,SSI,SNOT_99_6,SNOT,Yes,No
SECURITY,SSI,SNOT_9_1,SNOT,Yes,No
SECURITY,SSI,SNOT_9_2,SNOT,Yes,No
SECURITY,SSI,SNOT_9_3,SNOT,Yes,No
SECURITY,SSI,SNOT_9_4,SNOT,Yes,No
SECURITY,HCM,SBS_111_2,SBS,Yes,No
SECURITY,HCM,SBS_111_3,SBS,Yes,No
SECURITY,HCM,SBS_111_4,SBS,Yes,No
SECURITY,HCM,SBS_113,SBS,Yes,No
SECURITY,HCM,SBS_115,SBS,Yes,No
SECURITY,HCM,SBS_116,SBS,Yes,No
SECURITY,HCM,SBS_117,SBS,Yes,No
SECURITY,HCM,SBS_117_0,SBS,Yes,No
SECURITY,HCM,SBS_117_1,SBS,Yes,No
SECURITY,HCM,SBS_117_2,SBS,Yes,No
SECURITY,HCM,SBS_117_3,SBS,Yes,No
SECURITY,HCM,SBS_117_3_1,SBS,Yes,No
SECURITY,HCM,SBS_117_4,SBS,Yes,No
SECURITY,HCM,SBS_117_5,SBS,Yes,No
SECURITY,HCM,SBS_117_6,SBS,Yes,No
SECURITY,HCM,SBS_117_7,SBS,Yes,No
SECURITY,HCM,SBS_119,SBS,Yes,No
SECURITY,HCM,SBS_120,SBS,Yes,No
SECURITY,HCM,SBS_121,SBS,Yes,No
SECURITY,HCM,SBS_121_1,SBS,Yes,No
SECURITY,HCM,SBS_121_2,SBS,Yes,No
SECURITY,HCM,SBS_121_3,SBS,Yes,No
SECURITY,HCM,SBS_129_1,SBS,Yes,No
SECURITY,HCM,SBS_129_2,SBS,Yes,No
SECURITY,HCM,SBS_129_3,SBS,Yes,No
SECURITY,HCM,SBS_129_4,SBS,Yes,No
SECURITY,HCM,SBS_129_5,SBS,Yes,No
SECURITY,HCM,SBS_132,SBS,Yes,No
SECURITY,HCM,SBS_135,SBS,Yes,No
SECURITY,HCM,SBS_136,SBS,Yes,No
SECURITY,HCM,SBS_138,SBS,Yes,No
SECURITY,HCM,SBS_139,SBS,Yes,No
SECURITY,HCM,SBS_210,SBS,Yes,No
SECURITY,HCM,SBS_211,SBS,Yes,No
SECURITY,HCM,SBS_211_1,SBS,Yes,No
SECURITY,HCM,SBS_211_2,SBS,Yes,No
SECURITY,HCM,SBS_211_3,SBS,Yes,No
SECURITY,HCM,SBS_211_4,SBS,Yes,No
SECURITY,HCM,SBS_211_5,SBS,Yes,No
SECURITY,HCM,SBS_211_6,SBS,Yes,No
SECURITY,HCM,SBS_211_7,SBS,Yes,No
SECURITY,HCM,SBS_212,SBS,Yes,No
SECURITY,HCM,SBS_212_1,SBS,Yes,No
SECURITY,HCM,SBS_212_2,SBS,Yes,No
SECURITY,HCM,SBS_212_3,SBS,Yes,No
SECURITY,HCM,SBS_212_4,SBS,Yes,No
SECURITY,HCM,SBS_212_5,SBS,Yes,No
SECURITY,HCM,SBS_212_6,SBS,Yes,No
SECURITY,HCM,SBS_213,SBS,Yes,No
SECURITY,HCM,SBS_223B,SBS,Yes,No
SECURITY,HCM,SBS_224,SBS,Yes,No
SECURITY,HCM,SBS_225,SBS,Yes,No
SECURITY,HCM,SBS_226A,SBS,Yes,No
SECURITY,HCM,SBS_226B,SBS,Yes,No
SECURITY,HCM,SBS_229B,SBS,Yes,No
SECURITY,HCM,SBS_230,SBS,Yes,No
SECURITY,HCM,SBS_231,SBS,Yes,No
SECURITY,HCM,SBS_232A,SBS,Yes,No
SECURITY,HCM,SBS_232B,SBS,Yes,No
SECURITY,HCM,SBS_240,SBS,Yes,No
SECURITY,HCM,SBS_240A,SBS,Yes,No
SECURITY,HCM,SBS_255_1,SBS,Yes,No
SECURITY,HCM,SBS_255_2,SBS,Yes,No
SECURITY,HCM,SBS_255_3,SBS,Yes,No
SECURITY,HCM,SBS_256,SBS,Yes,No
SECURITY,HCM,SBS_260,SBS,Yes,No
SECURITY,HCM,SBS_313,SBS,Yes,No
SECURITY,HCM,SBS_314,SBS,Yes,No
SECURITY,HCM,SBS_315,SBS,Yes,No
SECURITY,HCM,SBS_316,SBS,Yes,No
SECURITY,HCM,SBS_317,SBS,Yes,No
SECURITY,HCM,SBS_319,SBS,Yes,No
SECURITY,HCM,SBS_321,SBS,Yes,No
SECURITY,HCM,SBS_323,SBS,Yes,No
SECURITY,HCM,SBS_326,SBS,Yes,No
SECURITY,HCM,SBS_327,SBS,Yes,No
SECURITY,HCM,SBS_328,SBS,Yes,No
SECURITY,HCM,SBS_329_1,SBS,Yes,No
SECURITY,HCM,SBS_329_2,SBS,Yes,No
SECURITY,HCM,SBS_329_3,SBS,Yes,No
SECURITY,HCM,SBS_330,SBS,Yes,No
SECURITY,HCM,SBS_331_1,SBS,Yes,No
SECURITY,HCM,SBS_332,SBS,Yes,No
SECURITY,HCM,SBS_340,SBS,Yes,No
SECURITY,HCM,SBS_341,SBS,Yes,No
SECURITY,HCM,SBS_342,SBS,Yes,No
SECURITY,HCM,SBS_343,SBS,Yes,No
SECURITY,HCM,SBS_344,SBS,Yes,No
SECURITY,HCM,SBS_345,SBS,Yes,No
SECURITY,HCM,SBS_346,SBS,Yes,No
SECURITY,HCM,SBS_347,SBS,Yes,No
SECURITY,HCM,SBS_348,SBS,Yes,No
SECURITY,HCM,SBS_349,SBS,Yes,No
SECURITY,HCM,SBS_350,SBS,Yes,No
SECURITY,HCM,SBS_350_1,SBS,Yes,No
SECURITY,HCM,SBS_351,SBS,Yes,No
SECURITY,HCM,SBS_352,SBS,Yes,No
SECURITY,HCM,SBS_353,SBS,Yes,No
SECURITY,HCM,SBS_353_1,SBS,Yes,No
SECURITY,HCM,SBS_353_2,SBS,Yes,No
SECURITY,HCM,SBS_354,SBS,Yes,No
SECURITY,HCM,SBS_355,SBS,Yes,No
SECURITY,HCM,SBS_356,SBS,Yes,No
SECURITY,HCM,SBS_357,SBS,Yes,No
SECURITY,HCM,SBS_411_1B,SBS,Yes,No
SECURITY,HCM,SBS_411_3,SBS,Yes,No
SECURITY,HCM,SBS_411_4,SBS,Yes,No
SECURITY,HCM,SBS_412,SBS,Yes,No
SECURITY,HCM,SBS_413,SBS,Yes,No
SECURITY,HCM,SBS_414_1,SBS,Yes,No
SECURITY,HCM,SBS_415,SBS,Yes,No
SECURITY,HCM,SBS_416,SBS,Yes,No
SECURITY,HCM,SBS_417_2_1,SBS,Yes,No
SECURITY,HCM,SBS_417_2_2,SBS,Yes,No
SECURITY,HCM,SBS_418,SBS,Yes,No
SECURITY,HCM,SBS_418_1,SBS,Yes,No
SECURITY,HCM,SBS_420,SBS,Yes,No
SECURITY,HCM,SBS_420_1,SBS,Yes,No
SECURITY,HCM,SBS_420_2,SBS,Yes,No
SECURITY,HCM,SBS_420_3,SBS,Yes,No
SECURITY,HCM,SBS_440_1,SBS,Yes,No
SECURITY,HCM,SBS_440_2,SBS,Yes,No
SECURITY,HCM,SCFI_04A1,SCFI,Yes,No
SECURITY,HCM,SCFI_04A2,SCFI,Yes,No
SECURITY,HCM,SCFI_101_3,SCFI,Yes,No
SECURITY,HCM,SCFI_103_3,SCFI,Yes,No
SECURITY,HCM,SCFI_11_1,SCFI,Yes,No
SECURITY,HCM,SCFI_11_2,SCFI,Yes,No
SECURITY,HCM,SCFI_11_3,SCFI,Yes,No
SECURITY,HCM,SCFI_11_4,SCFI,Yes,No
SECURITY,HCM,SCFI_14_1,SCFI,Yes,No
SECURITY,HCM,SCFI_14_2,SCFI,Yes,No
SECURITY,HCM,SCFI_16_1,SCFI,Yes,No
SECURITY,HCM,SCFI_19_1,SCFI,Yes,No
SECURITY,HCM,SCFI_19_2,SCFI,Yes,No
SECURITY,HCM,SCFI_19_3,SCFI,Yes,No
SECURITY,HCM,SCFI_20_1,SCFI,Yes,No
SECURITY,HCM,SCFI_20_2,SCFI,Yes,No
SECURITY,HCM,SCFI_20_3,SCFI,Yes,No
SECURITY,HCM,SCFI_20_4,SCFI,Yes,No
SECURITY,HCM,SCFI_20_5,SCFI,Yes,No
SECURITY,HCM,SCFI_21_1,SCFI,Yes,No
SECURITY,HCM,SCFI_32_A1,SCFI,Yes,No
SECURITY,HCM,SCFI_32_A2,SCFI,Yes,No
SECURITY,HCM,SCFI_32_A3,SCFI,Yes,No
SECURITY,HCM,SCFI_35_A1,SCFI,Yes,No
SECURITY,HCM,SCFI_3_1,SCFI,Yes,No
SECURITY,HCM,SCFI_40_1,SCFI,Yes,No
SECURITY,HCM,SCFI_40_2,SCFI,Yes,No
SECURITY,HCM,SCFI_40_3,SCFI,Yes,No
SECURITY,HCM,SCFI_40_4,SCFI,Yes,No
SECURITY,HCM,SCFI_40_5,SCFI,Yes,No
SECURITY,HCM,SCFI_40_6,SCFI,Yes,No
SECURITY,HCM,SCFI_42_1,SCFI,Yes,No
SECURITY,HCM,SCFI_42_2,SCFI,Yes,No
SECURITY,HCM,SCFI_42_2A,SCFI,Yes,No
SECURITY,HCM,SCFI_42_3A,SCFI,Yes,No
SECURITY,HCM,SCFI_43_1,SCFI,Yes,No
SECURITY,HCM,SCFI_45_1,SCFI,Yes,No
SECURITY,HCM,SCFI_50_1,SCFI,Yes,No
SECURITY,HCM,SCFI_50_2,SCFI,Yes,No
SECURITY,HCM,SCFI_51_1,SCFI,Yes,No
SECURITY,HCM,SCFI_51_2,SCFI,Yes,No
SECURITY,HCM,SCFI_5_1,SCFI,Yes,No
SECURITY,HCM,SCFI_62_1,SCFI,Yes,No
SECURITY,HCM,SCFI_62_2,SCFI,Yes,No
SECURITY,HCM,SIS_100_2,SIS,Yes,No
SECURITY,HCM,SIS_11_1,SIS,Yes,No
SECURITY,HCM,SIS_11_2,SIS,Yes,No
SECURITY,HCM,SIS_1_4,SIS,Yes,No
SECURITY,HCM,SIS_2,SIS,Yes,No
SECURITY,HCM,SIS_202,SIS,Yes,No
SECURITY,HCM,SIS_203,SIS,Yes,No
SECURITY,HCM,SIS_203_1,SIS,Yes,No
SECURITY,HCM,SIS_21_3,SIS,Yes,No
SECURITY,HCM,SIS_21_4,SIS,Yes,No
SECURITY,HCM,SIS_22,SIS,Yes,No
SECURITY,HCM,SIS_22_1,SIS,Yes,No
SECURITY,HCM,SIS_23,SIS,Yes,No
SECURITY,HCM,SIS_25,SIS,Yes,No
SECURITY,HCM,SIS_28,SIS,Yes,No
SECURITY,HCM,SIS_29,SIS,Yes,No
SECURITY,HCM,SIS_29_1,SIS,Yes,No
SECURITY,HCM,SIS_300,SIS,Yes,No
SECURITY,HCM,SIS_301,SIS,Yes,No
SECURITY,HCM,SIS_302,SIS,Yes,No
SECURITY,HCM,SIS_303,SIS,Yes,No
SECURITY,HCM,SIS_304,SIS,Yes,No
SECURITY,HCM,SIS_305,SIS,Yes,No
SECURITY,HCM,SIS_306,SIS,Yes,No
SECURITY,HCM,SIS_307,SIS,Yes,No
SECURITY,HCM,SIS_32_1,SIS,Yes,No
SECURITY,HCM,SIS_4,SIS,Yes,No
SECURITY,HCM,SIS_402,SIS,Yes,No
SECURITY,HCM,SIS_41,SIS,Yes,No
SECURITY,HCM,SIS_43,SIS,Yes,No
SECURITY,HCM,SIS_44,SIS,Yes,No
SECURITY,HCM,SIS_5,SIS,Yes,No
SECURITY,HCM,SIS_500,SIS,Yes,No
SECURITY,HCM,SIS_501,SIS,Yes,No
SECURITY,HCM,SIS_502,SIS,Yes,No
SECURITY,HCM,SIS_50_1,SIS,Yes,No
SECURITY,HCM,SIS_51,SIS,Yes,No
SECURITY,HCM,SIS_52,SIS,Yes,No
SECURITY,HCM,SIS_53,SIS,Yes,No
SECURITY,HCM,SIS_54,SIS,Yes,No
SECURITY,HCM,SIS_55,SIS,Yes,No
SECURITY,HCM,SIS_56,SIS,Yes,No
SECURITY,HCM,SIS_60,SIS,Yes,No
SECURITY,HCM,SIS_61,SIS,Yes,No
SECURITY,HCM,SIS_72,SIS,Yes,No
SECURITY,HCM,SIS_7_1,SIS,Yes,No
SECURITY,HCM,SIS_7_2,SIS,Yes,No
SECURITY,HCM,SIS_8,SIS,Yes,No
SECURITY,HCM,SIS_80_1,SIS,Yes,No
SECURITY,HCM,SIS_8_1,SIS,Yes,No
SECURITY,HCM,SIS_9_1,SIS,Yes,No
SECURITY,HCM,SIS_9_2,SIS,Yes,No
SECURITY,HCM,SNOT_10,SNOT,Yes,No
SECURITY,HCM,SNOT_100,SNOT,Yes,No
SECURITY,HCM,SNOT_100_1,SNOT,Yes,No
SECURITY,HCM,SNOT_100_2,SNOT,Yes,No
SECURITY,HCM,SNOT_100_3,SNOT,Yes,No
SECURITY,HCM,SNOT_100_4,SNOT,Yes,No
SECURITY,HCM,SNOT_100_5,SNOT,Yes,No
SECURITY,HCM,SNOT_100_6,SNOT,Yes,No
SECURITY,HCM,SNOT_100_7,SNOT,Yes,No
SECURITY,HCM,SNOT_100_8,SNOT,Yes,No
SECURITY,HCM,SNOT_101,SNOT,Yes,No
SECURITY,HCM,SNOT_101_1,SNOT,Yes,No
SECURITY,HCM,SNOT_101_2,SNOT,Yes,No
SECURITY,HCM,SNOT_101_3,SNOT,Yes,No
SECURITY,HCM,SNOT_101_4,SNOT,Yes,No
SECURITY,HCM,SNOT_101_5,SNOT,Yes,No
SECURITY,HCM,SNOT_102,SNOT,Yes,No
SECURITY,HCM,SNOT_11,SNOT,Yes,No
SECURITY,HCM,SNOT_12,SNOT,Yes,No
SECURITY,HCM,SNOT_13,SNOT,Yes,No
SECURITY,HCM,SNOT_14,SNOT,Yes,No
SECURITY,HCM,SNOT_14_1,SNOT,Yes,No
SECURITY,HCM,SNOT_14_2,SNOT,Yes,No
SECURITY,HCM,SNOT_14_3,SNOT,Yes,No
SECURITY,HCM,SNOT_14_4,SNOT,Yes,No
SECURITY,HCM,SNOT_14_5,SNOT,Yes,No
SECURITY,HCM,SNOT_14_6,SNOT,Yes,No
SECURITY,HCM,SNOT_15,SNOT,Yes,No
SECURITY,HCM,SNOT_15_1,SNOT,Yes,No
SECURITY,HCM,SNOT_15_2,SNOT,Yes,No
SECURITY,HCM,SNOT_15_3,SNOT,Yes,No
SECURITY,HCM,SNOT_15_4,SNOT,Yes,No
SECURITY,HCM,SNOT_16,SNOT,Yes,No
SECURITY,HCM,SNOT_17,SNOT,Yes,No
SECURITY,HCM,SNOT_18,SNOT,Yes,No
SECURITY,HCM,SNOT_19,SNOT,Yes,No
SECURITY,HCM,SNOT_20,SNOT,Yes,No
SECURITY,HCM,SNOT_20_1,SNOT,Yes,No
SECURITY,HCM,SNOT_20_1_1,SNOT,Yes,No
SECURITY,HCM,SNOT_20_1_2,SNOT,Yes,No
SECURITY,HCM,SNOT_20_2,SNOT,Yes,No
SECURITY,HCM,SNOT_20_3,SNOT,Yes,No
SECURITY,HCM,SNOT_20_3_1,SNOT,Yes,No
SECURITY,HCM,SNOT_20_3_2,SNOT,Yes,No
SECURITY,HCM,SNOT_20_4,SNOT,Yes,No
SECURITY,HCM,SNOT_21,SNOT,Yes,No
SECURITY,HCM,SNOT_21_1,SNOT,Yes,No
SECURITY,HCM,SNOT_21_2,SNOT,Yes,No
SECURITY,HCM,SNOT_22,SNOT,Yes,No
SECURITY,HCM,SNOT_22_1,SNOT,Yes,No
SECURITY,HCM,SNOT_22_2,SNOT,Yes,No
SECURITY,HCM,SNOT_23,SNOT,Yes,No
SECURITY,HCM,SNOT_24,SNOT,Yes,No
SECURITY,HCM,SNOT_25,SNOT,Yes,No
SECURITY,HCM,SNOT_26,SNOT,Yes,No
SECURITY,HCM,SNOT_27,SNOT,Yes,No
SECURITY,HCM,SNOT_27_1,SNOT,Yes,No
SECURITY,HCM,SNOT_27_1_1,SNOT,Yes,No
SECURITY,HCM,SNOT_27_1_2,SNOT,Yes,No
SECURITY,HCM,SNOT_27_1_3,SNOT,Yes,No
SECURITY,HCM,SNOT_27_1_4,SNOT,Yes,No
SECURITY,HCM,SNOT_27_2,SNOT,Yes,No
SECURITY,HCM,SNOT_27_2_1,SNOT,Yes,No
SECURITY,HCM,SNOT_27_2_2,SNOT,Yes,No
SECURITY,HCM,SNOT_27_2_3,SNOT,Yes,No
SECURITY,HCM,SNOT_27_2_4,SNOT,Yes,No
SECURITY,HCM,SNOT_27_3,SNOT,Yes,No
SECURITY,HCM,SNOT_27_3_1,SNOT,Yes,No
SECURITY,HCM,SNOT_27_3_2,SNOT,Yes,No
SECURITY,HCM,SNOT_27_3_3,SNOT,Yes,No
SECURITY,HCM,SNOT_27_3_4,SNOT,Yes,No
SECURITY,HCM,SNOT_27_4,SNOT,Yes,No
SECURITY,HCM,SNOT_27_4_1,SNOT,Yes,No
SECURITY,HCM,SNOT_27_4_2,SNOT,Yes,No
SECURITY,HCM,SNOT_27_4_3,SNOT,Yes,No
SECURITY,HCM,SNOT_27_4_4,SNOT,Yes,No
SECURITY,HCM,SNOT_27_5,SNOT,Yes,No
SECURITY,HCM,SNOT_27_5_1,SNOT,Yes,No
SECURITY,HCM,SNOT_27_5_2,SNOT,Yes,No
SECURITY,HCM,SNOT_27_5_3,SNOT,Yes,No
SECURITY,HCM,SNOT_27_5_4,SNOT,Yes,No
SECURITY,HCM,SNOT_27_6,SNOT,Yes,No
SECURITY,HCM,SNOT_27_6_1,SNOT,Yes,No
SECURITY,HCM,SNOT_27_6_2,SNOT,Yes,No
SECURITY,HCM,SNOT_27_6_3,SNOT,Yes,No
SECURITY,HCM,SNOT_27_6_4,SNOT,Yes,No
SECURITY,HCM,SNOT_27_7,SNOT,Yes,No
SECURITY,HCM,SNOT_27_7_1,SNOT,Yes,No
SECURITY,HCM,SNOT_27_7_2,SNOT,Yes,No
SECURITY,HCM,SNOT_27_7_3,SNOT,Yes,No
SECURITY,HCM,SNOT_27_7_4,SNOT,Yes,No
SECURITY,HCM,SNOT_27_8,SNOT,Yes,No
SECURITY,HCM,SNOT_27_8_1,SNOT,Yes,No
SECURITY,HCM,SNOT_27_8_2,SNOT,Yes,No
SECURITY,HCM,SNOT_27_8_3,SNOT,Yes,No
SECURITY,HCM,SNOT_27_8_4,SNOT,Yes,No
SECURITY,HCM,SNOT_27_9,SNOT,Yes,No
SECURITY,HCM,SNOT_28,SNOT,Yes,No
SECURITY,HCM,SNOT_28_1,SNOT,Yes,No
SECURITY,HCM,SNOT_28_1_1,SNOT,Yes,No
SECURITY,HCM,SNOT_28_1_2,SNOT,Yes,No
SECURITY,HCM,SNOT_28_1_3,SNOT,Yes,No
SECURITY,HCM,SNOT_28_1_4,SNOT,Yes,No
SECURITY,HCM,SNOT_28_2,SNOT,Yes,No
SECURITY,HCM,SNOT_28_2_1,SNOT,Yes,No
SECURITY,HCM,SNOT_28_2_2,SNOT,Yes,No
SECURITY,HCM,SNOT_28_2_3,SNOT,Yes,No
SECURITY,HCM,SNOT_28_2_4,SNOT,Yes,No
SECURITY,HCM,SNOT_28_3,SNOT,Yes,No
SECURITY,HCM,SNOT_28_3_1,SNOT,Yes,No
SECURITY,HCM,SNOT_28_3_2,SNOT,Yes,No
SECURITY,HCM,SNOT_28_3_3,SNOT,Yes,No
SECURITY,HCM,SNOT_28_3_4,SNOT,Yes,No
SECURITY,HCM,SNOT_28_4,SNOT,Yes,No
SECURITY,HCM,SNOT_28_4_1,SNOT,Yes,No
SECURITY,HCM,SNOT_28_4_2,SNOT,Yes,No
SECURITY,HCM,SNOT_28_4_3,SNOT,Yes,No
SECURITY,HCM,SNOT_28_4_4,SNOT,Yes,No
SECURITY,HCM,SNOT_28_5,SNOT,Yes,No
SECURITY,HCM,SNOT_28_5_1,SNOT,Yes,No
SECURITY,HCM,SNOT_28_5_2,SNOT,Yes,No
SECURITY,HCM,SNOT_28_5_3,SNOT,Yes,No
SECURITY,HCM,SNOT_28_5_4,SNOT,Yes,No
SECURITY,HCM,SNOT_28_6,SNOT,Yes,No
SECURITY,HCM,SNOT_28_6_1,SNOT,Yes,No
SECURITY,HCM,SNOT_28_6_2,SNOT,Yes,No
SECURITY,HCM,SNOT_28_6_3,SNOT,Yes,No
SECURITY,HCM,SNOT_28_6_4,SNOT,Yes,No
SECURITY,HCM,SNOT_28_7,SNOT,Yes,No
SECURITY,HCM,SNOT_28_7_1,SNOT,Yes,No
SECURITY,HCM,SNOT_28_7_2,SNOT,Yes,No
SECURITY,HCM,SNOT_28_7_3,SNOT,Yes,No
SECURITY,HCM,SNOT_28_7_4,SNOT,Yes,No
SECURITY,HCM,SNOT_28_8,SNOT,Yes,No
SECURITY,HCM,SNOT_28_8_1,SNOT,Yes,No
SECURITY,HCM,SNOT_28_8_2,SNOT,Yes,No
SECURITY,HCM,SNOT_28_8_3,SNOT,Yes,No
SECURITY,HCM,SNOT_28_8_4,SNOT,Yes,No
SECURITY,HCM,SNOT_28_9,SNOT,Yes,No
SECURITY,HCM,SNOT_29,SNOT,Yes,No
SECURITY,HCM,SNOT_30,SNOT,Yes,No
SECURITY,HCM,SNOT_31,SNOT,Yes,No
SECURITY,HCM,SNOT_38A,SNOT,Yes,No
SECURITY,HCM,SNOT_38_12A,SNOT,Yes,No
SECURITY,HCM,SNOT_38_1_2,SNOT,Yes,No
SECURITY,HCM,SNOT_47_12A,SNOT,Yes,No
SECURITY,HCM,SNOT_47_1_2,SNOT,Yes,No
SECURITY,HCM,SNOT_79_1_1,SNOT,Yes,No
SECURITY,HCM,SNOT_79_1_10,SNOT,Yes,No
SECURITY,HCM,SNOT_79_1_11,SNOT,Yes,No
SECURITY,HCM,SNOT_79_1_11_1,SNOT,Yes,No
SECURITY,HCM,SNOT_79_1_2,SNOT,Yes,No
SECURITY,HCM,SNOT_79_1_3,SNOT,Yes,No
SECURITY,HCM,SNOT_79_1_4,SNOT,Yes,No
SECURITY,HCM,SNOT_79_1_5,SNOT,Yes,No
SECURITY,HCM,SNOT_79_1_6,SNOT,Yes,No
SECURITY,HCM,SNOT_79_1_7,SNOT,Yes,No
SECURITY,HCM,SNOT_79_1_8,SNOT,Yes,No
SECURITY,HCM,SNOT_79_1_9,SNOT,Yes,No
SECURITY,HCM,SNOT_79_2_1,SNOT,Yes,No
SECURITY,HCM,SNOT_79_2_2,SNOT,Yes,No
SECURITY,HCM,SNOT_79_2_3,SNOT,Yes,No
SECURITY,HCM,SNOT_79_2_4,SNOT,Yes,No
SECURITY,HCM,SNOT_8,SNOT,Yes,No
SECURITY,HCM,SNOT_81_11,SNOT,Yes,No
SECURITY,HCM,SNOT_83_4,SNOT,Yes,No
SECURITY,HCM,SNOT_84_3,SNOT,Yes,No
SECURITY,HCM,SNOT_86,SNOT,Yes,No
SECURITY,HCM,SNOT_86_1,SNOT,Yes,No
SECURITY,HCM,SNOT_86_2,SNOT,Yes,No
SECURITY,HCM,SNOT_86_3,SNOT,Yes,No
SECURITY,HCM,SNOT_87,SNOT,Yes,No
SECURITY,HCM,SNOT_87_1,SNOT,Yes,No
SECURITY,HCM,SNOT_87_2,SNOT,Yes,No
SECURITY,HCM,SNOT_87_3,SNOT,Yes,No
SECURITY,HCM,SNOT_88,SNOT,Yes,No
SECURITY,HCM,SNOT_88_1,SNOT,Yes,No
SECURITY,HCM,SNOT_88_2,SNOT,Yes,No
SECURITY,HCM,SNOT_88_3,SNOT,Yes,No
SECURITY,HCM,SNOT_89,SNOT,Yes,No
SECURITY,HCM,SNOT_89_1,SNOT,Yes,No
SECURITY,HCM,SNOT_89_2,SNOT,Yes,No
SECURITY,HCM,SNOT_89_3,SNOT,Yes,No
SECURITY,HCM,SNOT_8_1,SNOT,Yes,No
SECURITY,HCM,SNOT_8_2,SNOT,Yes,No
SECURITY,HCM,SNOT_8_3,SNOT,Yes,No
SECURITY,HCM,SNOT_8_4,SNOT,Yes,No
SECURITY,HCM,SNOT_8_5,SNOT,Yes,No
SECURITY,HCM,SNOT_8_6,SNOT,Yes,No
SECURITY,HCM,SNOT_8_7,SNOT,Yes,No
SECURITY,HCM,SNOT_9,SNOT,Yes,No
SECURITY,HCM,SNOT_90,SNOT,Yes,No
SECURITY,HCM,SNOT_90_1,SNOT,Yes,No
SECURITY,HCM,SNOT_90_2,SNOT,Yes,No
SECURITY,HCM,SNOT_91,SNOT,Yes,No
SECURITY,HCM,SNOT_91_1,SNOT,Yes,No
SECURITY,HCM,SNOT_91_2,SNOT,Yes,No
SECURITY,HCM,SNOT_91_3,SNOT,Yes,No
SECURITY,HCM,SNOT_91_4,SNOT,Yes,No
SECURITY,HCM,SNOT_91_5,SNOT,Yes,No
SECURITY,HCM,SNOT_92,SNOT,Yes,No
SECURITY,HCM,SNOT_92_1,SNOT,Yes,No
SECURITY,HCM,SNOT_92_2,SNOT,Yes,No
SECURITY,HCM,SNOT_93,SNOT,Yes,No
SECURITY,HCM,SNOT_93_1,SNOT,Yes,No
SECURITY,HCM,SNOT_93_2,SNOT,Yes,No
SECURITY,HCM,SNOT_93_3,SNOT,Yes,No
SECURITY,HCM,SNOT_93_4,SNOT,Yes,No
SECURITY,HCM,SNOT_93_5,SNOT,Yes,No
SECURITY,HCM,SNOT_93_6,SNOT,Yes,No
SECURITY,HCM,SNOT_94,SNOT,Yes,No
SECURITY,HCM,SNOT_94_1,SNOT,Yes,No
SECURITY,HCM,SNOT_94_2,SNOT,Yes,No
SECURITY,HCM,SNOT_94_3,SNOT,Yes,No
SECURITY,HCM,SNOT_94_4,SNOT,Yes,No
SECURITY,HCM,SNOT_94_4_1,SNOT,Yes,No
SECURITY,HCM,SNOT_94_4_2,SNOT,Yes,No
SECURITY,HCM,SNOT_94_4_3,SNOT,Yes,No
SECURITY,HCM,SNOT_94_5,SNOT,Yes,No
SECURITY,HCM,SNOT_94_6,SNOT,Yes,No
SECURITY,HCM,SNOT_94_6_1,SNOT,Yes,No
SECURITY,HCM,SNOT_94_6_2,SNOT,Yes,No
SECURITY,HCM,SNOT_94_6_3,SNOT,Yes,No
SECURITY,HCM,SNOT_94_6_4,SNOT,Yes,No
SECURITY,HCM,SNOT_94_6_5,SNOT,Yes,No
SECURITY,HCM,SNOT_94_6_6,SNOT,Yes,No
SECURITY,HCM,SNOT_95,SNOT,Yes,No
SECURITY,HCM,SNOT_95_1,SNOT,Yes,No
SECURITY,HCM,SNOT_95_2,SNOT,Yes,No
SECURITY,HCM,SNOT_95_3,SNOT,Yes,No
SECURITY,HCM,SNOT_95_4,SNOT,Yes,No
SECURITY,HCM,SNOT_95_5,SNOT,Yes,No
SECURITY,HCM,SNOT_95_6,SNOT,Yes,No
SECURITY,HCM,SNOT_95_7,SNOT,Yes,No
SECURITY,HCM,SNOT_95_8,SNOT,Yes,No
SECURITY,HCM,SNOT_96,SNOT,Yes,No
SECURITY,HCM,SNOT_96_1,SNOT,Yes,No
SECURITY,HCM,SNOT_96_2,SNOT,Yes,No
SECURITY,HCM,SNOT_96_3,SNOT,Yes,No
SECURITY,HCM,SNOT_96_4,SNOT,Yes,No
SECURITY,HCM,SNOT_96_5,SNOT,Yes,No
SECURITY,HCM,SNOT_96_6,SNOT,Yes,No
SECURITY,HCM,SNOT_96_7,SNOT,Yes,No
SECURITY,HCM,SNOT_96_8,SNOT,Yes,No
SECURITY,HCM,SNOT_97,SNOT,Yes,No
SECURITY,HCM,SNOT_97_1,SNOT,Yes,No
SECURITY,HCM,SNOT_97_2,SNOT,Yes,No
SECURITY,HCM,SNOT_97_3,SNOT,Yes,No
SECURITY,HCM,SNOT_97_4,SNOT,Yes,No
SECURITY,HCM,SNOT_97_5,SNOT,Yes,No
SECURITY,HCM,SNOT_97_6,SNOT,Yes,No
SECURITY,HCM,SNOT_97_7,SNOT,Yes,No
SECURITY,HCM,SNOT_97_8,SNOT,Yes,No
SECURITY,HCM,SNOT_97_9,SNOT,Yes,No
SECURITY,HCM,SNOT_98,SNOT,Yes,No
SECURITY,HCM,SNOT_98_1,SNOT,Yes,No
SECURITY,HCM,SNOT_98_2,SNOT,Yes,No
SECURITY,HCM,SNOT_98_3,SNOT,Yes,No
SECURITY,HCM,SNOT_99,SNOT,Yes,No
SECURITY,HCM,SNOT_99_1,SNOT,Yes,No
SECURITY,HCM,SNOT_99_2,SNOT,Yes,No
SECURITY,HCM,SNOT_99_3,SNOT,Yes,No
SECURITY,HCM,SNOT_99_4,SNOT,Yes,No
SECURITY,HCM,SNOT_99_5,SNOT,Yes,No
SECURITY,HCM,SNOT_99_6,SNOT,Yes,No
SECURITY,HCM,SNOT_9_1,SNOT,Yes,No
SECURITY,HCM,SNOT_9_2,SNOT,Yes,No
SECURITY,HCM,SNOT_9_3,SNOT,Yes,No
SECURITY,HCM,SNOT_9_4,SNOT,Yes,No
